[post-execute] task: P_MEGA_W8_C_P3_DUPLICATA
[post-execute] timestamp: 20260421_155207
[post-execute] timestamped log: reports/test_P_MEGA_W8_C_P3_DUPLICATA_20260421_155207.log
[post-execute] running: php artisan test --stop-on-failure
[post-execute] task: P_MEGA_W8_C_P3_DUPLICATA
[post-execute] timestamp: 20260421_155207
[post-execute] timestamped log: reports/test_P_MEGA_W8_C_P3_DUPLICATA_20260421_155207.log
[post-execute] running: php artisan test --stop-on-failure
Warning: TTY mode requires /dev/tty to be read/writable.

  [30;42;1m PASS [39;49;22m[39m Tests\Unit\Domain\Events\EventContractUnitTest[39m
  [32;1m✓[39;22m[39m [2mbuild envelope produces flat v1 shape[22m[39m
  [32;1m✓[39;22m[39m [2mvalid envelope passes[22m[39m
  [32;1m✓[39;22m[39m [2menvelope with wrong version throws[22m[39m
  [32;1m✓[39;22m[39m [2menvelope with unknown type throws[22m[39m
  [32;1m✓[39;22m[39m [2menvelope missing aggregate id throws[22m[39m
  [32;1m✓[39;22m[39m [2menvelope missing branch id key throws[22m[39m
  [32;1m✓[39;22m[39m [2menvelope payload not object throws[22m[39m
  [32;1m✓[39;22m[39m [2mpayload validation catches missing required key for status changed[22m[39m
  [32;1m✓[39;22m[39m [2mpayload validation allows extra keys[22m[39m
  [32;1m✓[39;22m[39m [2mbroadcast map matches all v1 types[22m[39m
  [32;1m✓[39;22m[39m [2mtype for broadcast as returns mapped type or identity[22m[39m
  [32;1m✓[39;22m[39m [2mpayload mismatch exception exposes context[22m[39m

  [30;42;1m PASS [39;49;22m[39m Tests\Unit\Domain\Order\OrderStateMachineTest[39m
  [32;1m✓[39;22m[39m [2mlegal transitions are allowed with data set "pending → accept"[22m[39m
  [32;1m✓[39;22m[39m [2mlegal transitions are allowed with data set "pending → canceled"[22m[39m
  [32;1m✓[39;22m[39m [2mlegal transitions are allowed with data set "pending → rejected"[22m[39m
  [32;1m✓[39;22m[39m [2mlegal transitions are allowed with data set "accept → preparing"[22m[39m
  [32;1m✓[39;22m[39m [2mlegal transitions are allowed with data set "accept → canceled"[22m[39m
  [32;1m✓[39;22m[39m [2mlegal transitions are allowed with data set "preparing → prepared"[22m[39m
  [32;1m✓[39;22m[39m [2mlegal transitions are allowed with data set "preparing → canceled"[22m[39m
  [32;1m✓[39;22m[39m [2mlegal transitions are allowed with data set "prepared → out_for_delivery"[22m[39m
  [32;1m✓[39;22m[39m [2mlegal transitions are allowed with data set "prepared → delivered"[22m[39m
  [32;1m✓[39;22m[39m [2mlegal transitions are allowed with data set "out_for_delivery → delivered"[22m[39m
  [32;1m✓[39;22m[39m [2mlegal transitions are allowed with data set "delivered → returned"[22m[39m
  [32;1m✓[39;22m[39m [2millegal transitions are rejected without user with data set "1→7"[22m[39m
  [32;1m✓[39;22m[39m [2millegal transitions are rejected without user with data set "1→8"[22m[39m
  [32;1m✓[39;22m[39m [2millegal transitions are rejected without user with data set "1→10"[22m[39m
  [32;1m✓[39;22m[39m [2millegal transitions are rejected without user with data set "1→13"[22m[39m
  [32;1m✓[39;22m[39m [2millegal transitions are rejected without user with data set "1→22"[22m[39m
  [32;1m✓[39;22m[39m [2millegal transitions are rejected without user with data set "4→1"[22m[39m
  [32;1m✓[39;22m[39m [2millegal transitions are rejected without user with data set "4→8"[22m[39m
  [32;1m✓[39;22m[39m [2millegal transitions are rejected without user with data set "4→10"[22m[39m
  [32;1m✓[39;22m[39m [2millegal transitions are rejected without user with data set "4→13"[22m[39m
  [32;1m✓[39;22m[39m [2millegal transitions are rejected without user with data set "4→19"[22m[39m
  [32;1m✓[39;22m[39m [2millegal transitions are rejected without user with data set "4→22"[22m[39m
  [32;1m✓[39;22m[39m [2millegal transitions are rejected without user with data set "7→1"[22m[39m
  [32;1m✓[39;22m[39m [2millegal transitions are rejected without user with data set "7→4"[22m[39m
  [32;1m✓[39;22m[39m [2millegal transitions are rejected without user with data set "7→10"[22m[39m
  [32;1m✓[39;22m[39m [2millegal transitions are rejected without user with data set "7→13"[22m[39m
  [32;1m✓[39;22m[39m [2millegal transitions are rejected without user with data set "7→19"[22m[39m
  [32;1m✓[39;22m[39m [2millegal transitions are rejected without user with data set "7→22"[22m[39m
  [32;1m✓[39;22m[39m [2millegal transitions are rejected without user with data set "8→1"[22m[39m
  [32;1m✓[39;22m[39m [2millegal transitions are rejected without user with data set "8→4"[22m[39m
  [32;1m✓[39;22m[39m [2millegal transitions are rejected without user with data set "8→7"[22m[39m
  [32;1m✓[39;22m[39m [2millegal transitions are rejected without user with data set "8→16"[22m[39m
  [32;1m✓[39;22m[39m [2millegal transitions are rejected without user with data set "8→19"[22m[39m
  [32;1m✓[39;22m[39m [2millegal transitions are rejected without user with data set "8→22"[22m[39m
  [32;1m✓[39;22m[39m [2millegal transitions are rejected without user with data set "10→1"[22m[39m
  [32;1m✓[39;22m[39m [2millegal transitions are rejected without user with data set "10→4"[22m[39m
  [32;1m✓[39;22m[39m [2millegal transitions are rejected without user with data set "10→7"[22m[39m
  [32;1m✓[39;22m[39m [2millegal transitions are rejected without user with data set "10→8"[22m[39m
  [32;1m✓[39;22m[39m [2millegal transitions are rejected without user with data set "10→16"[22m[39m
  [32;1m✓[39;22m[39m [2millegal transitions are rejected without user with data set "10→19"[22m[39m
  [32;1m✓[39;22m[39m [2millegal transitions are rejected without user with data set "10→22"[22m[39m
  [32;1m✓[39;22m[39m [2millegal transitions are rejected without user with data set "13→1"[22m[39m
  [32;1m✓[39;22m[39m [2millegal transitions are rejected without user with data set "13→4"[22m[39m
  [32;1m✓[39;22m[39m [2millegal transitions are rejected without user with data set "13→7"[22m[39m
  [32;1m✓[39;22m[39m [2millegal transitions are rejected without user with data set "13→8"[22m[39m
  [32;1m✓[39;22m[39m [2millegal transitions are rejected without user with data set "13→10"[22m[39m
  [32;1m✓[39;22m[39m [2millegal transitions are rejected without user with data set "13→16"[22m[39m
  [32;1m✓[39;22m[39m [2millegal transitions are rejected without user with data set "13→19"[22m[39m
  [32;1m✓[39;22m[39m [2millegal transitions are rejected without user with data set "16→1"[22m[39m
  [32;1m✓[39;22m[39m [2millegal transitions are rejected without user with data set "16→4"[22m[39m
  [32;1m✓[39;22m[39m [2millegal transitions are rejected without user with data set "16→7"[22m[39m
  [32;1m✓[39;22m[39m [2millegal transitions are rejected without user with data set "16→8"[22m[39m
  [32;1m✓[39;22m[39m [2millegal transitions are rejected without user with data set "16→10"[22m[39m
  [32;1m✓[39;22m[39m [2millegal transitions are rejected without user with data set "16→13"[22m[39m
  [32;1m✓[39;22m[39m [2millegal transitions are rejected without user with data set "16→19"[22m[39m
  [32;1m✓[39;22m[39m [2millegal transitions are rejected without user with data set "16→22"[22m[39m
  [32;1m✓[39;22m[39m [2millegal transitions are rejected without user with data set "19→1"[22m[39m
  [32;1m✓[39;22m[39m [2millegal transitions are rejected without user with data set "19→4"[22m[39m
  [32;1m✓[39;22m[39m [2millegal transitions are rejected without user with data set "19→7"[22m[39m
  [32;1m✓[39;22m[39m [2millegal transitions are rejected without user with data set "19→8"[22m[39m
  [32;1m✓[39;22m[39m [2millegal transitions are rejected without user with data set "19→10"[22m[39m
  [32;1m✓[39;22m[39m [2millegal transitions are rejected without user with data set "19→13"[22m[39m
  [32;1m✓[39;22m[39m [2millegal transitions are rejected without user with data set "19→16"[22m[39m
  [32;1m✓[39;22m[39m [2millegal transitions are rejected without user with data set "19→22"[22m[39m
  [32;1m✓[39;22m[39m [2millegal transitions are rejected without user with data set "22→1"[22m[39m
  [32;1m✓[39;22m[39m [2millegal transitions are rejected without user with data set "22→4"[22m[39m
  [32;1m✓[39;22m[39m [2millegal transitions are rejected without user with data set "22→7"[22m[39m
  [32;1m✓[39;22m[39m [2millegal transitions are rejected without user with data set "22→8"[22m[39m
  [32;1m✓[39;22m[39m [2millegal transitions are rejected without user with data set "22→10"[22m[39m
  [32;1m✓[39;22m[39m [2millegal transitions are rejected without user with data set "22→13"[22m[39m
  [32;1m✓[39;22m[39m [2millegal transitions are rejected without user with data set "22→16"[22m[39m
  [32;1m✓[39;22m[39m [2millegal transitions are rejected without user with data set "22→19"[22m[39m
  [32;1m✓[39;22m[39m [2midentity transition is always allowed[22m[39m
  [32;1m✓[39;22m[39m [2massert allows throws on illegal transition[22m[39m
  [32;1m✓[39;22m[39m [2massert allows does not throw on legal transition[22m[39m
  [32;1m✓[39;22m[39m [2mpos shortcut allows accept to delivered for pos user[22m[39m
  [32;1m✓[39;22m[39m [2mpos shortcut does not apply to non pos user[22m[39m
  [32;1m✓[39;22m[39m [2madmin can transition from terminal states[22m[39m
  [32;1m✓[39;22m[39m [2mrequires reason is true for cancel reject return[22m[39m
  [32;1m✓[39;22m[39m [2mrequires reason is false for happy path[22m[39m
  [32;1m✓[39;22m[39m [2mlegal transitions matrix contains exactly expected count[22m[39m
  [32;1m✓[39;22m[39m [2mall statuses returns nine v1 states[22m[39m

  [30;42;1m PASS [39;49;22m[39m Tests\Unit\Http\Resources\ItemCategoryResourceTest[39m
  [32;1m✓[39;22m[39m [2mit exposes legacy kiosk image aliases[22m[39m

  [30;42;1m PASS [39;49;22m[39m Tests\Unit\Rules\ValidJsonOrderTest[39m
  [32;1m✓[39;22m[39m [2mit rejects items without item id[22m[39m
  [32;1m✓[39;22m[39m [2mit rejects items with zero item id[22m[39m
  [32;1m✓[39;22m[39m [2mit rejects items with negative item id[22m[39m
  [32;1m✓[39;22m[39m [2mit rejects items without quantity[22m[39m
  [32;1m✓[39;22m[39m [2mit rejects items with zero quantity[22m[39m
  [32;1m✓[39;22m[39m [2mit rejects empty array[22m[39m
  [32;1m✓[39;22m[39m [2mit rejects invalid json[22m[39m
  [32;1m✓[39;22m[39m [2mit rejects non string input[22m[39m
  [32;1m✓[39;22m[39m [2mit accepts valid item array[22m[39m
  [32;1m✓[39;22m[39m [2mit accepts multiple valid items[22m[39m
  [32;1m✓[39;22m[39m [2mit includes index in error message[22m[39m

  [30;42;1m PASS [39;49;22m[39m Tests\Unit\Security\RateLimiterConfigTest[39m
  [32;1m✓[39;22m[39m [2mnamed limiter is registered with expected cap with data set "admin-mutation"[22m[39m
  [32;1m✓[39;22m[39m [2mnamed limiter is registered with expected cap with data set "pos-order-create"[22m[39m
  [32;1m✓[39;22m[39m [2mnamed limiter is registered with expected cap with data set "pos-order-update"[22m[39m
  [32;1m✓[39;22m[39m [2mapi limiter cap matches config[22m[39m
  [32;1m✓[39;22m[39m [2mlogin lockout limiter is registered[22m[39m
  [32;1m✓[39;22m[39m [2mkiosk orders limiter is registered[22m[39m

  [30;42;1m PASS [39;49;22m[39m Tests\Unit\Security\VHtmlStaticGuardTest[39m
  [32;1m✓[39;22m[39m [2mevery v html usage is sanitized[22m[39m
  [32;1m✓[39;22m[39m [2mno inner html dom mutations[22m[39m

  [30;42;1m PASS [39;49;22m[39m Tests\Unit\Services\AllergenServiceTest[39m
  [32;1m✓[39;22m[39m [2mpivot sync with legacy json[22m[39m

  [30;42;1m PASS [39;49;22m[39m Tests\Unit\Services\FrontendOrderServiceTest[39m
  [32;1m✓[39;22m[39m [2mit throws invalid argument exception for nonexistent item[22m[39m
  [32;1m✓[39;22m[39m [2mit prioritizes db price over client price[22m[39m
  [32;1m✓[39;22m[39m [2msource code contains item validation[22m[39m
  [32;1m✓[39;22m[39m [2msource code rejects invalid variations and extras[22m[39m
  [32;1m✓[39;22m[39m [2morder service contains item validation[22m[39m

  [30;42;1m PASS [39;49;22m[39m Tests\Unit\Services\Menu\MenuSnapshotTest[39m
  [32;1m✓[39;22m[39m [2mcurrent returns one when key absent[22m[39m
  [32;1m✓[39;22m[39m [2mcurrent is idempotent[22m[39m
  [32;1m✓[39;22m[39m [2mbump increments and returns new value[22m[39m
  [32;1m✓[39;22m[39m [2mbump initializes when absent[22m[39m
  [32;1m✓[39;22m[39m [2mbranches are isolated[22m[39m
  [32;1m✓[39;22m[39m [2mbump returns strictly monotonic sequence[22m[39m

  [30;42;1m PASS [39;49;22m[39m Tests\Unit\Services\OrderServiceSecurityTest[39m
  [32;1m✓[39;22m[39m [2mit throws exception for nonexistent variation[22m[39m
  [32;1m✓[39;22m[39m [2mit throws exception for nonexistent extra[22m[39m
  [32;1m✓[39;22m[39m [2mit prioritizes db price for variations[22m[39m
  [32;1m✓[39;22m[39m [2mit prioritizes db price for extras[22m[39m
  [32;1m✓[39;22m[39m [2msource code contains variation validation[22m[39m

  [30;42;1m PASS [39;49;22m[39m Tests\Unit\Services\Pricing\DiscountCalculatorTest[39m
  [32;1m✓[39;22m[39m [2mmanual discount zero when requested negative or zero[22m[39m
  [32;1m✓[39;22m[39m [2mmanual discount returns requested when below subtotal[22m[39m
  [32;1m✓[39;22m[39m [2mmanual discount equal to subtotal is allowed[22m[39m
  [32;1m✓[39;22m[39m [2mmanual discount rejected when greater than subtotal[22m[39m
  [32;1m✓[39;22m[39m [2mcoupon discount zero when id non positive[22m[39m
  [32;1m✓[39;22m[39m [2mcoupon discount delegates to service and casts to float[22m[39m
  [32;1m✓[39;22m[39m [2mcoupon discount propagates service exception[22m[39m

  [30;42;1m PASS [39;49;22m[39m Tests\Unit\Services\Pricing\TaxCalculatorTest[39m
  [32;1m✓[39;22m[39m [2mpercentage tax rounded[22m[39m
  [32;1m✓[39;22m[39m [2mpercentage tax unrounded[22m[39m
  [32;1m✓[39;22m[39m [2mpercentage tax rounds to two decimals[22m[39m
  [32;1m✓[39;22m[39m [2mfixed tax not rounded when disabled[22m[39m
  [32;1m✓[39;22m[39m [2mfixed tax ignores subtotal[22m[39m
  [32;1m✓[39;22m[39m [2mzero rate produces zero tax[22m[39m
  [32;1m✓[39;22m[39m [2mzero subtotal with percentage is zero[22m[39m
  [32;1m✓[39;22m[39m [2mhigh precision rounding boundary[22m[39m
  [32;1m✓[39;22m[39m [2mnegative rate produces negative tax percentage[22m[39m
  [32;1m✓[39;22m[39m [2munknown tax type falls back to percentage branch[22m[39m

  [30;42;1m PASS [39;49;22m[39m Tests\Feature\ActionLogBranchIsolationTest[39m
  [32;1m✓[39;22m[39m [2mcreating log authenticated auto sets branch id[22m[39m
  [32;1m✓[39;22m[39m [2mcreating log unauthenticated falls back to user branch[22m[39m
  [32;1m✓[39;22m[39m [2maudit trail scoped to actor branch[22m[39m
  [32;1m✓[39;22m[39m [2maudit trail admin sees null branch legacy rows[22m[39m
  [32;1m✓[39;22m[39m [2madmin action log gets branch id zero not null[22m[39m
  [32;1m✓[39;22m[39m [2maudit trail admin sees every branch[22m[39m

  [30;42;1m PASS [39;49;22m[39m Tests\Feature\AddressSecurityTest[39m
  [32;1m✓[39;22m[39m [2muser cannot view other users address[22m[39m
  [32;1m✓[39;22m[39m [2muser cannot update other users address[22m[39m
  [32;1m✓[39;22m[39m [2muser cannot delete other users address[22m[39m
  [32;1m✓[39;22m[39m [2muser can view own address[22m[39m
  [32;1m✓[39;22m[39m [2muser can update own address[22m[39m
  [32;1m✓[39;22m[39m [2muser can delete own address[22m[39m
  [32;1m✓[39;22m[39m [2maccess nonexistent address returns 404[22m[39m

  [30;42;1m PASS [39;49;22m[39m Tests\Feature\Admin\AvailabilityControllerTest[39m
  [32;1m✓[39;22m[39m [2mstaff can toggle item availability[22m[39m
  [32;1m✓[39;22m[39m [2mstaff can reactivate item availability[22m[39m
  [32;1m✓[39;22m[39m [2midempotent toggle does not dispatch event when state unchanged[22m[39m
  [32;1m✓[39;22m[39m [2madmin global can toggle with branch id null fan out[22m[39m
  [32;1m✓[39;22m[39m [2mbranch staff cannot toggle other branch item 403[22m[39m
  [32;1m✓[39;22m[39m [2mtoggle persists domain event outbox with correct channel[22m[39m

  [30;42;1m PASS [39;49;22m[39m Tests\Feature\Admin\POS\ReceiptPrintControllerTest[39m
  [32;1m✓[39;22m[39m [2mincrement first call returns count 1 not duplicata[22m[39m
  [32;1m✓[39;22m[39m [2mincrement second call returns count 2 is duplicata true[22m[39m
  [32;1m✓[39;22m[39m [2mincrement persists in db[22m[39m
  [32;1m✓[39;22m[39m [2mcross branch order returns 404[22m[39m
  [32;1m✓[39;22m[39m [2munauthenticated returns 401[22m[39m

  [30;42;1m PASS [39;49;22m[39m Tests\Feature\AdminCrudComprehensiveTest[39m
  [32;1m✓[39;22m[39m [2madmin can list items[22m[39m
  [32;1m✓[39;22m[39m [2madmin can create item[22m[39m
  [32;1m✓[39;22m[39m [2madmin can view item[22m[39m
  [32;1m✓[39;22m[39m [2madmin can update item price[22m[39m
  [32;1m✓[39;22m[39m [2madmin can delete item[22m[39m
  [32;1m✓[39;22m[39m [2madmin can list categories[22m[39m
  [32;1m✓[39;22m[39m [2madmin can create category[22m[39m
  [32;1m✓[39;22m[39m [2madmin can delete category[22m[39m
  [32;1m✓[39;22m[39m [2madmin can list branches[22m[39m
  [32;1m✓[39;22m[39m [2madmin can create branch[22m[39m
  [32;1m✓[39;22m[39m [2madmin can update branch[22m[39m
  [32;1m✓[39;22m[39m [2madmin can delete branch[22m[39m
  [32;1m✓[39;22m[39m [2madmin can create coupon[22m[39m
  [32;1m✓[39;22m[39m [2madmin can list coupons[22m[39m
  [32;1m✓[39;22m[39m [2madmin can delete coupon[22m[39m
  [32;1m✓[39;22m[39m [2madmin can create dining table[22m[39m
  [32;1m✓[39;22m[39m [2madmin can list dining tables[22m[39m
  [32;1m✓[39;22m[39m [2madmin can delete dining table[22m[39m
  [32;1m✓[39;22m[39m [2madmin can create kiosk machine[22m[39m
  [32;1m✓[39;22m[39m [2madmin can change kiosk machine status[22m[39m


--- AG-02: API wizard_template ---
[POS-WIZARD] wizard_template from API: simple
has_menu: false

--- AG-04: Order with Instruction ---
Order Status: 201
Saved Instruction in DB: VIANDES: Merguez, Poulet. SAUCE: Harissa. FORMULE: Menu Complet.

  [30;42;1m PASS [39;49;22m[39m Tests\Feature\AntiGravityFinalTest[39m
  [32;1m✓[39;22m[39m [2mag 02 and 04[22m[39m

  [30;42;1m PASS [39;49;22m[39m Tests\Feature\AntiGravityLoginRedirectionTest[39m
  [32;1m✓[39;22m[39m [2mpos operator receives pos landing url[22m[39m
  [32;1m✓[39;22m[39m [2mchef receives kds landing url[22m[39m
  [32;1m✓[39;22m[39m [2mcustomer receives null landing url[22m[39m
  [32;1m✓[39;22m[39m [2mpos menu items are visible[22m[39m

--- AG-02: API wizard_template ---
Template: simple
HasMenu: false

--- AG-03-T01: D-001 Fake Item ID ---
Status: 422
Message: Item ID 999999 introuvable. Commande rejetée.

--- AG-03-T02: D-004 Missing Item ID ---
Status: 422
Errors: {"items":["L'article \u00e0 l'index 0 n'a pas d'item_id valide."]}

--- AG-03-T03: Valid Order ---
Status: 201

  [30;42;1m PASS [39;49;22m[39m Tests\Feature\AntiGravityManualTest[39m
  [32;1m✓[39;22m[39m [2mag 02 and 03[22m[39m

  [30;42;1m PASS [39;49;22m[39m Tests\Feature\AntiGravityTest[39m
  [32;1m✓[39;22m[39m [2mt01 kiosk login valid[22m[39m
  [32;1m✓[39;22m[39m [2mt02 kiosk login invalid[22m[39m
  [32;1m✓[39;22m[39m [2mt03 kiosk login already logged in[22m[39m
  [32;1m✓[39;22m[39m [2mt04 kiosk login inactive[22m[39m
  [32;1m✓[39;22m[39m [2mt05 kiosk cannot access admin[22m[39m
  [32;1m✓[39;22m[39m [2mt06 kiosk can create order[22m[39m
  [32;1m✓[39;22m[39m [2mt07 kiosk cannot read pos orders[22m[39m
  [32;1m✓[39;22m[39m [2mt08 order forged price uses db price[22m[39m
  [32;1m✓[39;22m[39m [2mt09 order forged total rejected[22m[39m
  [32;1m✓[39;22m[39m [2mt10 invalid coupon rejected[22m[39m
  [32;1m✓[39;22m[39m [2mt11 order without auth returns 401[22m[39m
  [32;1m✓[39;22m[39m [2mt12 pending order visible in pos[22m[39m
  [32;1m✓[39;22m[39m [2mt13 pending to accept transitions[22m[39m
  [32;1m✓[39;22m[39m [2mt14 pending to prepared rejected[22m[39m
  [32;1m✓[39;22m[39m [2mt18 kds sees only own branch[22m[39m
  [32;1m✓[39;22m[39m [2mt20 kds cannot mark delivered[22m[39m
  [32;1m✓[39;22m[39m [2mt22 oss post rejected[22m[39m
  [32;1m✓[39;22m[39m [2mt23 oss without token rejected[22m[39m
  [32;1m✓[39;22m[39m [2mt08b pos order forged price uses db price[22m[39m
  [32;1m✓[39;22m[39m [2mt08c pos kds notification dispatched[22m[39m

  [30;42;1m PASS [39;49;22m[39m Tests\Feature\Auth\KioskThrottleKeysTest[39m
  [32;1m✓[39;22m[39m [2mlegitimate kiosk orders pass until cap[22m[39m
  [32;1m✓[39;22m[39m [2mkiosk orders recovery after window reset[22m[39m
  [32;1m✓[39;22m[39m [2mkiosk orders isolation two machines same ip[22m[39m
  [32;1m✓[39;22m[39m [2mlogin lockout email path 429 after max attempts[22m[39m
  [32;1m✓[39;22m[39m [2mlogin lockout anon fallback when no email no username[22m[39m

  [30;42;1m PASS [39;49;22m[39m Tests\Feature\AuthComprehensiveTest[39m
  [32;1m✓[39;22m[39m [2madmin can login with valid credentials[22m[39m
  [32;1m✓[39;22m[39m [2mlogin with invalid credentials returns 400[22m[39m
  [32;1m✓[39;22m[39m [2mpos operator receives correct landing permission[22m[39m
  [32;1m✓[39;22m[39m [2mchef receives correct landing permission[22m[39m
  [32;1m✓[39;22m[39m [2mcustomer receives home landing[22m[39m
  [32;1m✓[39;22m[39m [2mlogout invalidates token[22m[39m
  [32;1m✓[39;22m[39m [2maccess without token returns 401[22m[39m
  [32;1m✓[39;22m[39m [2madmin can access admin routes[22m[39m
  [32;1m✓[39;22m[39m [2mcustomer cannot access admin routes[22m[39m
  [32;1m✓[39;22m[39m [2mtoken is generated with sanctum[22m[39m
  [32;1m✓[39;22m[39m [2mpos operator can access pos routes[22m[39m
  [32;1m✓[39;22m[39m [2mchef can access kds routes[22m[39m
  [32;1m✓[39;22m[39m [2mnonexistent user cannot login[22m[39m
  [32;1m✓[39;22m[39m [2mlogin with empty credentials returns 422[22m[39m

  [30;42;1m PASS [39;49;22m[39m Tests\Feature\Branch\BranchFiscalIdentityTest[39m
  [32;1m✓[39;22m[39m [2mfillable persists fiscal identity fields[22m[39m
  [32;1m✓[39;22m[39m [2mmigration down up is idempotent for fiscal columns[22m[39m
  [32;1m✓[39;22m[39m [2mlegacy branch has null fiscal fields by default[22m[39m

  [30;42;1m PASS [39;49;22m[39m Tests\Feature\BranchIsolationTest[39m
  [32;1m✓[39;22m[39m [2mcashier index does not leak other branch orders[22m[39m
  [32;1m✓[39;22m[39m [2mcashier cannot show other branch order[22m[39m
  [32;1m✓[39;22m[39m [2mcashier cannot change status of other branch order[22m[39m
  [32;1m✓[39;22m[39m [2mcashier cannot change payment status of other branch order[22m[39m
  [32;1m✓[39;22m[39m [2mcashier cannot destroy other branch order[22m[39m
  [32;1m✓[39;22m[39m [2mchef kds does not leak other branch orders[22m[39m

  [30;42;1m PASS [39;49;22m[39m Tests\Feature\BranchScopeTest[39m
  [32;1m✓[39;22m[39m [2muser branch a only sees branch a orders[22m[39m
  [32;1m✓[39;22m[39m [2muser branch b cannot see branch a orders[22m[39m
  [32;1m✓[39;22m[39m [2madmin sees all branches orders[22m[39m
  [32;1m✓[39;22m[39m [2mcomplex query with where respects branch scope[22m[39m
  [32;1m✓[39;22m[39m [2morwhere does not break isolation[22m[39m
  [32;1m✓[39;22m[39m [2mglobal records with branch id zero are visible[22m[39m
  [32;1m✓[39;22m[39m [2mfrontend order has same branch scope[22m[39m
  [32;1m✓[39;22m[39m [2mapi admin orders respects branch scope[22m[39m

  [30;42;1m PASS [39;49;22m[39m Tests\Feature\Cache\CacheInvalidationTest[39m
  [32;1m✓[39;22m[39m [2mcreate purges menu cache[22m[39m

  [30;42;1m PASS [39;49;22m[39m Tests\Feature\ConcurrentOrderTest[39m
  [32;1m✓[39;22m[39m [2midempotency prevents duplicate order[22m[39m
  [32;1m✓[39;22m[39m [2mtwo orders created with different keys[22m[39m
  [32;1m✓[39;22m[39m [2mloyalty concurrent redemption does not overdraw[22m[39m

  [30;42;1m PASS [39;49;22m[39m Tests\Feature\CorrelationIdMiddlewareTest[39m
  [32;1m✓[39;22m[39m [2mgenerates correlation id if absent[22m[39m
  [32;1m✓[39;22m[39m [2mpropagates correlation id from request[22m[39m
  [32;1m✓[39;22m[39m [2mcorrelation id is stable within request[22m[39m
  [32;1m✓[39;22m[39m [2mcorrelation id is attached to subsequent log entries[22m[39m
  [32;1m✓[39;22m[39m [2meach request without header gets a unique id[22m[39m

  [30;42;1m PASS [39;49;22m[39m Tests\Feature\CouponCheckNegativeTotalTest[39m
  [32;1m✓[39;22m[39m [2mcoupon checking rejects negative total[22m[39m

  [30;42;1m PASS [39;49;22m[39m Tests\Feature\CouponRequestNegativeAmountsTest[39m
  [32;1m✓[39;22m[39m [2madmin coupon store rejects negative minimum order[22m[39m
  [32;1m✓[39;22m[39m [2madmin coupon store rejects negative discount[22m[39m

  [30;42;1m PASS [39;49;22m[39m Tests\Feature\CouponSecurityTest[39m
  [32;1m✓[39;22m[39m [2mapply valid coupon recalculates discount[22m[39m
  [32;1m✓[39;22m[39m [2mfake discount injection is ignored[22m[39m

  [30;42;1m PASS [39;49;22m[39m Tests\Feature\CustomerNfcLookupTest[39m
  [32;1m✓[39;22m[39m [2mlookup returns customer when uid matches in branch[22m[39m
  [32;1m✓[39;22m[39m [2mlookup returns 404 when uid unknown[22m[39m
  [32;1m✓[39;22m[39m [2mlookup returns 404 for cross branch uid[22m[39m

  [30;42;1m PASS [39;49;22m[39m Tests\Feature\Database\AllergensSeederTest[39m
  [32;1m✓[39;22m[39m [2mfr codes present[22m[39m

  [30;43;1m WARN [39;49;22m[39m Tests\Feature\Database\ItemBranchAvailabilityFkTest[39m
  [33;1m-[39;22m[39m [2mcascade on item delete[22m[39m[33m → MySQL-only: ALTER TABLE foreign keys are asserted in CI on MySQL.[39m

  [30;42;1m PASS [39;49;22m[39m Tests\Feature\DeliveryBoyOrderStatusOrderingTest[39m
  [32;1m✓[39;22m[39m [2msave then dispatch then event[22m[39m

  [30;42;1m PASS [39;49;22m[39m Tests\Feature\DispatchAfterCommitTest[39m
  [32;1m✓[39;22m[39m [2mevent is not dispatched if transaction rolls back with data set "OrderCreated"[22m[39m
  [32;1m✓[39;22m[39m [2mevent is not dispatched if transaction rolls back with data set "OrderStatusChanged"[22m[39m
  [32;1m✓[39;22m[39m [2mevent is not dispatched if transaction rolls back with data set "ItemAvailabilityChanged"[22m[39m
  [32;1m✓[39;22m[39m [2mevent is dispatched after successful commit with data set "OrderCreated"[22m[39m
  [32;1m✓[39;22m[39m [2mevent is dispatched after successful commit with data set "OrderStatusChanged"[22m[39m
  [32;1m✓[39;22m[39m [2mevent is dispatched after successful commit with data set "ItemAvailabilityChanged"[22m[39m

  [30;42;1m PASS [39;49;22m[39m Tests\Feature\Domain\OrderStateMachineApplyTest[39m
  [32;1m✓[39;22m[39m [2mapply legal transition mutates and audits[22m[39m
  [32;1m✓[39;22m[39m [2mapply illegal transition throws and rolls back[22m[39m
  [32;1m✓[39;22m[39m [2mapply identity transition is noop[22m[39m
  [32;1m✓[39;22m[39m [2mapply cancel requires reason[22m[39m
  [32;1m✓[39;22m[39m [2mapply cancel with reason succeeds and persists reason[22m[39m
  [32;1m✓[39;22m[39m [2mapply records actor id when user provided[22m[39m

  [30;42;1m PASS [39;49;22m[39m Tests\Feature\EscPosOpenDrawerTest[39m
  [32;1m✓[39;22m[39m [2mopen drawer command emits correct esc p sequence[22m[39m
  [32;1m✓[39;22m[39m [2mopen drawer uses default receipt printer for branch[22m[39m
  [32;1m✓[39;22m[39m [2mopen drawer returns error when no printer configured[22m[39m

  [30;42;1m PASS [39;49;22m[39m Tests\Feature\EventContractTest[39m
  [32;1m✓[39;22m[39m [2mevent type enum contains all v1 types[22m[39m
  [32;1m✓[39;22m[39m [2morder created listener uses event type constant[22m[39m
  [32;1m✓[39;22m[39m [2morder status changed listener uses event type constant[22m[39m
  [32;1m✓[39;22m[39m [2mdispatch job broadcasts canonical envelope[22m[39m
  [32;1m✓[39;22m[39m [2mdomain event has correlation id[22m[39m
  [32;1m✓[39;22m[39m [2mdispatch job rejects envelope that violates contract[22m[39m

  [30;42;1m PASS [39;49;22m[39m Tests\Feature\Fiscal\AuditLogBranchRequiredTest[39m
  [32;1m✓[39;22m[39m [2mnull branch is rejected[22m[39m
  [32;1m✓[39;22m[39m [2mexplicit null branch is rejected[22m[39m
  [32;1m✓[39;22m[39m [2mzero branch is accepted as system chain[22m[39m
  [32;1m✓[39;22m[39m [2msystem and tenant chains are independent[22m[39m
  [32;1m✓[39;22m[39m [2mnegative branch is accepted but isolated[22m[39m

  [30;42;1m PASS [39;49;22m[39m Tests\Feature\Fiscal\AuditLogConcurrencyTest[39m
  [32;1m✓[39;22m[39m [2munique chain index rejects fork[22m[39m
  [32;1m✓[39;22m[39m [2mretry after forced collision produces consistent chain[22m[39m
  [32;1m✓[39;22m[39m [2mtwo sequential branches do not interfere[22m[39m
  [32;1m✓[39;22m[39m [2mcache lock serialises writers[22m[39m

  [30;42;1m PASS [39;49;22m[39m Tests\Feature\Fiscal\AuditLogHashChainTest[39m
  [32;1m✓[39;22m[39m [2mchain verified after sequence of writes[22m[39m
  [32;1m✓[39;22m[39m [2mtampering detected on payload[22m[39m
  [32;1m✓[39;22m[39m [2mforged row with wrong prev hash is detected[22m[39m
  [32;1m✓[39;22m[39m [2mpayload key order does not affect hash[22m[39m
  [32;1m✓[39;22m[39m [2msecret mandatory[22m[39m

  [30;42;1m PASS [39;49;22m[39m Tests\Feature\Fiscal\AuditLogImmutabilityTest[39m
  [32;1m✓[39;22m[39m [2minsert is allowed[22m[39m
  [32;1m✓[39;22m[39m [2mupdate blocked via eloquent[22m[39m
  [32;1m✓[39;22m[39m [2mupdate blocked via raw sql[22m[39m
  [32;1m✓[39;22m[39m [2mdelete blocked via eloquent[22m[39m
  [32;1m✓[39;22m[39m [2mdelete blocked via raw sql[22m[39m

  [30;42;1m PASS [39;49;22m[39m Tests\Feature\Fiscal\FiscalArchiveMemoryBoundedTest[39m
  [32;1m✓[39;22m[39m [2marchive with 1k orders stays under memory ceiling[22m[39m
  [32;1m✓[39;22m[39m [2mempty window produces empty arrays[22m[39m

  [30;42;1m PASS [39;49;22m[39m Tests\Feature\Fiscal\FiscalArchiveScheduledTest[39m
  [32;1m✓[39;22m[39m [2mit schedules a daily fiscal archive at 02 00 with overlap and one server constraints[22m[39m
  [32;1m✓[39;22m[39m [2mit runs archive for all active branches on yesterday only[22m[39m

  [30;42;1m PASS [39;49;22m[39m Tests\Feature\Fiscal\FiscalArchiveTest[39m
  [32;1m✓[39;22m[39m [2mzip contains all z reports and orders and audit logs[22m[39m
  [32;1m✓[39;22m[39m [2mround trip deterministic[22m[39m
  [32;1m✓[39;22m[39m [2marchive respects window boundaries[22m[39m

  [30;42;1m PASS [39;49;22m[39m Tests\Feature\Fiscal\FiscalHardeningMinorTest[39m
  [32;1m✓[39;22m[39m [2mz signature canonicalises closed at in utc[22m[39m
  [32;1m✓[39;22m[39m [2mz signature differs when absolute moment differs[22m[39m
  [32;1m✓[39;22m[39m [2maudit logs down is blocked in production[22m[39m
  [32;1m✓[39;22m[39m [2maudit logs unique index down is blocked in production[22m[39m
  [32;1m✓[39;22m[39m [2mfiscal sequence is monotonic under serial calls[22m[39m

  [30;42;1m PASS [39;49;22m[39m Tests\Feature\Fiscal\FiscalObservabilityTest[39m
  [32;1m✓[39;22m[39m [2mfiscal channel is registered[22m[39m
  [32;1m✓[39;22m[39m [2maudit log write emits breadcrumb[22m[39m
  [32;1m✓[39;22m[39m [2mz report open and close emit breadcrumbs[22m[39m

  [30;42;1m PASS [39;49;22m[39m Tests\Feature\Fiscal\FiscalPermissionTest[39m
  [32;1m✓[39;22m[39m [2mpos operator cannot manage fiscal[22m[39m
  [32;1m✓[39;22m[39m [2mbranch manager can manage fiscal[22m[39m
  [32;1m✓[39;22m[39m [2munrooled user has no fiscal permission[22m[39m

  [30;42;1m PASS [39;49;22m[39m Tests\Feature\Fiscal\FiscalRateLimitTest[39m
  [32;1m✓[39;22m[39m [2mz report open route declares throttle middleware[22m[39m
  [32;1m✓[39;22m[39m [2mz report close route declares throttle middleware[22m[39m
  [32;1m✓[39;22m[39m [2mread endpoints are not rate limited[22m[39m
  [32;1m✓[39;22m[39m [2meleventh open call is throttled[22m[39m

  [30;42;1m PASS [39;49;22m[39m Tests\Feature\Fiscal\FiscalSecretProductionGuardTest[39m
  [32;1m✓[39;22m[39m [2maudit log rejects dev sentinel in production[22m[39m
  [32;1m✓[39;22m[39m [2maudit log rejects short secret in production[22m[39m
  [32;1m✓[39;22m[39m [2maudit log accepts strong secret in production[22m[39m
  [32;1m✓[39;22m[39m [2maudit log allows dev sentinel outside production[22m[39m
  [32;1m✓[39;22m[39m [2mz report rejects dev sentinel in production[22m[39m
  [32;1m✓[39;22m[39m [2mz report rejects short secret in production[22m[39m

  [30;42;1m PASS [39;49;22m[39m Tests\Feature\Fiscal\FiscalSequenceTest[39m
  [32;1m✓[39;22m[39m [2mfirst number for a branch is one[22m[39m
  [32;1m✓[39;22m[39m [2matomic per branch no gaps[22m[39m
  [32;1m✓[39;22m[39m [2msequences are independent per branch[22m[39m
  [32;1m✓[39;22m[39m [2mnon positive branch id is rejected[22m[39m
  [32;1m✓[39;22m[39m [2mcontinues from existing max[22m[39m

  [30;42;1m PASS [39;49;22m[39m Tests\Feature\Fiscal\OrderFiscalSequenceSchemaTest[39m
  [32;1m✓[39;22m[39m [2mfiscal sequence column exists on orders[22m[39m
  [32;1m✓[39;22m[39m [2munique branch fiscal sequence is enforced[22m[39m
  [32;1m✓[39;22m[39m [2msame sequence allowed on different branches[22m[39m

  [30;42;1m PASS [39;49;22m[39m Tests\Feature\Fiscal\PosOrderBL1WireInTest[39m
  [32;1m✓[39;22m[39m [2mpos order receives fiscal sequence no monotonic per branch[22m[39m
  [32;1m✓[39;22m[39m [2mfiscal sequence is scoped per branch[22m[39m
  [32;1m✓[39;22m[39m [2mpos order stores allergens snapshot from pivot[22m[39m
  [32;1m✓[39;22m[39m [2msnapshot remains immutable after item allergens change[22m[39m

  [30;42;1m PASS [39;49;22m[39m Tests\Feature\Fiscal\PosOrderBL2AuditCallSitesTest[39m
  [32;1m✓[39;22m[39m [2mpos order with manual discount writes discount applied audit[22m[39m
  [32;1m✓[39;22m[39m [2mchange status to cancel writes order cancelled audit[22m[39m
  [32;1m✓[39;22m[39m [2mchange status to returned writes order returned audit[22m[39m
  [32;1m✓[39;22m[39m [2mreturned without reason fails validation[22m[39m
  [32;1m✓[39;22m[39m [2mchange payment status writes payment status changed audit[22m[39m
  [32;1m✓[39;22m[39m [2mdestroy order writes order destroyed audit[22m[39m
  [32;1m✓[39;22m[39m [2mcash back writes payment cash back issued audit[22m[39m

  [30;42;1m PASS [39;49;22m[39m Tests\Feature\Fiscal\PosOrderBL3DestroyAfterZTest[39m
  [32;1m✓[39;22m[39m [2mdestroy rejected 409 when sealed by closed z[22m[39m
  [32;1m✓[39;22m[39m [2mdestroy allowed when z report still open[22m[39m
  [32;1m✓[39;22m[39m [2mdestroy allowed for order without fiscal sequence[22m[39m

  [30;42;1m PASS [39;49;22m[39m Tests\Feature\Fiscal\XReportTest[39m
  [32;1m✓[39;22m[39m [2msnapshot matches orders since last close[22m[39m
  [32;1m✓[39;22m[39m [2msnapshot handles no prior z[22m[39m
  [32;1m✓[39;22m[39m [2msnapshot is idempotent[22m[39m

  [30;42;1m PASS [39;49;22m[39m Tests\Feature\Fiscal\ZOpenChainVerifiedTest[39m
  [32;1m✓[39;22m[39m [2mno z reports chain trivially valid[22m[39m
  [32;1m✓[39;22m[39m [2msingle z with legacy genesis shape is valid[22m[39m
  [32;1m✓[39;22m[39m [2mchain of three consistent z reports is valid[22m[39m
  [32;1m✓[39;22m[39m [2msignature tampering is detected[22m[39m
  [32;1m✓[39;22m[39m [2mchain break prev hash mismatch is detected[22m[39m
  [32;1m✓[39;22m[39m [2mstrict mode throws runtime exception[22m[39m
  [32;1m✓[39;22m[39m [2mopen and close enforce pre checks when strict mode is enabled[22m[39m

  [30;42;1m PASS [39;49;22m[39m Tests\Feature\Fiscal\ZReportAggregateFilterTest[39m
  [32;1m✓[39;22m[39m [2morders without fiscal sequence are excluded[22m[39m
  [32;1m✓[39;22m[39m [2msoft deleted orders are excluded[22m[39m
  [32;1m✓[39;22m[39m [2mx report inherits same filter[22m[39m

  [30;42;1m PASS [39;49;22m[39m Tests\Feature\Fiscal\ZReportBoundaryTest[39m
  [32;1m✓[39;22m[39m [2morder on lower boundary is excluded[22m[39m
  [32;1m✓[39;22m[39m [2mfirst z with null from counts whole history[22m[39m
  [32;1m✓[39;22m[39m [2mtwo back to back z windows never double count[22m[39m

  [30;42;1m PASS [39;49;22m[39m Tests\Feature\Fiscal\ZReportCloseTest[39m
  [32;1m✓[39;22m[39m [2msequential open close five times no gap[22m[39m
  [32;1m✓[39;22m[39m [2mclose aggregates only paid orders within window[22m[39m
  [32;1m✓[39;22m[39m [2msecond close blocked[22m[39m
  [32;1m✓[39;22m[39m [2mopen blocked while one is already open[22m[39m
  [32;1m✓[39;22m[39m [2msignature verifies and detects tampering[22m[39m
  [32;1m✓[39;22m[39m [2msignature chains between consecutive closes[22m[39m

  [30;42;1m PASS [39;49;22m[39m Tests\Feature\Fiscal\ZReportControllerTest[39m
  [32;1m✓[39;22m[39m [2mpermission required for open[22m[39m
  [32;1m✓[39;22m[39m [2mpermission required for close[22m[39m
  [32;1m✓[39;22m[39m [2mmanager can open and close[22m[39m
  [32;1m✓[39;22m[39m [2mpdf route returns signed bundle[22m[39m
  [32;1m✓[39;22m[39m [2mcross branch show is forbidden[22m[39m
  [32;1m✓[39;22m[39m [2mx report requires permission[22m[39m
  [32;1m✓[39;22m[39m [2mx report returns snapshot for manager[22m[39m

  [30;42;1m PASS [39;49;22m[39m Tests\Feature\Fiscal\ZReportSchemaTest[39m
  [32;1m✓[39;22m[39m [2mtable has required columns[22m[39m
  [32;1m✓[39;22m[39m [2mbranch sequence unique[22m[39m
  [32;1m✓[39;22m[39m [2maggregates round trip through json casts[22m[39m

  [30;42;1m PASS [39;49;22m[39m Tests\Feature\Fiscal\ZReportTaxBreakdownTest[39m
  [32;1m✓[39;22m[39m [2mtax breakdown groups per rate[22m[39m
  [32;1m✓[39;22m[39m [2mempty when no orders[22m[39m
  [32;1m✓[39;22m[39m [2mtax rate keys are canonicalised[22m[39m

  [30;42;1m PASS [39;49;22m[39m Tests\Feature\FrontendDiscountIntegrityTest[39m
  [32;1m✓[39;22m[39m [2minvalid coupon id rejects frontend order[22m[39m
  [32;1m✓[39;22m[39m [2mvalid coupon is applied through centralized validation[22m[39m
  [32;1m✓[39;22m[39m [2mcoupon takes priority over loyalty discount on frontend order[22m[39m
  [32;1m✓[39;22m[39m [2mloyalty below minimum points is not applied server side[22m[39m

  [30;42;1m PASS [39;49;22m[39m Tests\Feature\HealthControllerTest[39m
  [32;1m✓[39;22m[39m [2mhealth live returns 200 plain text ok[22m[39m
  [32;1m✓[39;22m[39m [2mhealth live carries correlation id header[22m[39m
  [32;1m✓[39;22m[39m [2mhealth ready returns full schema when healthy[22m[39m
  [32;1m✓[39;22m[39m [2mhealth ready returns 503 when degraded[22m[39m
  [32;1m✓[39;22m[39m [2mhealth full returns documented schema[22m[39m
  [32;1m✓[39;22m[39m [2mhealth full subsystem reports have status key[22m[39m
  [32;1m✓[39;22m[39m [2mhealth full rejects non whitelisted ip when whitelist set[22m[39m

  [30;42;1m PASS [39;49;22m[39m Tests\Feature\Http\Admin\MenuProjectionControllerTest[39m
  [32;1m✓[39;22m[39m [2mendpoint requires authentication[22m[39m
  [32;1m✓[39;22m[39m [2mendpoint rejects missing channel[22m[39m
  [32;1m✓[39;22m[39m [2mendpoint rejects unsupported channel[22m[39m
  [32;1m✓[39;22m[39m [2mkiosk projection returns label override and emoji[22m[39m
  [32;1m✓[39;22m[39m [2mpos projection returns legacy name and no emoji[22m[39m

  [30;42;1m PASS [39;49;22m[39m Tests\Feature\ItemAttributeMultiSelectMigrationTest[39m
  [32;1m✓[39;22m[39m [2mcolumns exist after migration[22m[39m
  [32;1m✓[39;22m[39m [2mdefaults preserve legacy single select[22m[39m
  [32;1m✓[39;22m[39m [2mmulti select values persist with correct casts[22m[39m

  [30;42;1m PASS [39;49;22m[39m Tests\Feature\ItemExtraManagementTest[39m
  [32;1m✓[39;22m[39m [2mitem store creates extras[22m[39m
  [32;1m✓[39;22m[39m [2mitem update syncs extras[22m[39m

  [30;42;1m PASS [39;49;22m[39m Tests\Feature\ItemResourceAllergensTest[39m
  [32;1m✓[39;22m[39m [2madmin item show returns allergens array[22m[39m
  [32;1m✓[39;22m[39m [2mitem with no allergens returns empty array[22m[39m

  [30;42;1m PASS [39;49;22m[39m Tests\Feature\KDS\KdsSnapshotImmutableTest[39m
  [32;1m✓[39;22m[39m [2mtoggling availability does not mutate existing order[22m[39m
  [32;1m✓[39;22m[39m [2mrearming availability also does not mutate orders[22m[39m

  [30;42;1m PASS [39;49;22m[39m Tests\Feature\KDSFlowTest[39m
  [32;1m✓[39;22m[39m [2mkds invalid transition[22m[39m
  [32;1m✓[39;22m[39m [2mkds list filtered by branch[22m[39m
  [32;1m✓[39;22m[39m [2mkds change status accept to preparing[22m[39m

  [30;42;1m PASS [39;49;22m[39m Tests\Feature\KDSOrderItemsTest[39m
  [32;1m✓[39;22m[39m [2madmin kds order items not empty[22m[39m
  [32;1m✓[39;22m[39m [2mkitchen status filter does not crash[22m[39m

  [30;42;1m PASS [39;49;22m[39m Tests\Feature\KDSScopeRestrictionTest[39m
  [32;1m✓[39;22m[39m [2mkds cannot access global settings[22m[39m

  [30;42;1m PASS [39;49;22m[39m Tests\Feature\KdsBranchFilterExactTest[39m
  [32;1m✓[39;22m[39m [2mbranch id filter does not match substring branches[22m[39m

  [30;42;1m PASS [39;49;22m[39m Tests\Feature\KdsChangeStatusConcurrencyTest[39m
  [32;1m✓[39;22m[39m [2mkds service aborts 409 when in memory order status differs from locked row[22m[39m

  [30;42;1m PASS [39;49;22m[39m Tests\Feature\KioskAuthTest[39m
  [32;1m✓[39;22m[39m [2mkiosk login with valid credentials[22m[39m
  [32;1m✓[39;22m[39m [2mkiosk cannot access admin flows[22m[39m

  [30;42;1m PASS [39;49;22m[39m Tests\Feature\KioskEventTest[39m
  [32;1m✓[39;22m[39m [2mkiosk event creates action log[22m[39m
  [32;1m✓[39;22m[39m [2mkiosk event rejects unknown type[22m[39m
  [32;1m✓[39;22m[39m [2mkiosk event requires auth[22m[39m
  [32;1m✓[39;22m[39m [2mkiosk event all allowed types are accepted[22m[39m

  [30;42;1m PASS [39;49;22m[39m Tests\Feature\KioskFrontendComprehensiveTest[39m
  [32;1m✓[39;22m[39m [2mlist items[22m[39m
  [32;1m✓[39;22m[39m [2mpopular items[22m[39m
  [32;1m✓[39;22m[39m [2mfeatured items[22m[39m
  [32;1m✓[39;22m[39m [2mitem details[22m[39m
  [32;1m✓[39;22m[39m [2mlist categories[22m[39m
  [32;1m✓[39;22m[39m [2mcreate kiosk order[22m[39m
  [32;1m✓[39;22m[39m [2mfake price kiosk order is ignored[22m[39m
  [32;1m✓[39;22m[39m [2mvalid coupon[22m[39m
  [32;1m✓[39;22m[39m [2minvalid coupon[22m[39m
  [32;1m✓[39;22m[39m [2mtime slots[22m[39m

  [30;42;1m PASS [39;49;22m[39m Tests\Feature\KioskLoginApiTest[39m
  [32;1m✓[39;22m[39m [2mkiosk login and logout flow[22m[39m
  [32;1m✓[39;22m[39m [2mkiosk login rejects email as username[22m[39m

  [30;42;1m PASS [39;49;22m[39m Tests\Feature\KioskMultiBranch\KioskLocaleMiddlewareTest[39m
  [32;1m✓[39;22m[39m [2mno locale header nor query passes through[22m[39m
  [32;1m✓[39;22m[39m [2mallowed locale via header is accepted[22m[39m
  [32;1m✓[39;22m[39m [2mdenied locale via header returns 400 with structured code[22m[39m
  [32;1m✓[39;22m[39m [2mdenied locale via query returns 400[22m[39m
  [32;1m✓[39;22m[39m [2mmalformed locale is rejected 400[22m[39m
  [32;1m✓[39;22m[39m [2mheader takes precedence over query[22m[39m
  [32;1m✓[39;22m[39m [2moff allowlist denial is logged to observability channel[22m[39m
  [32;1m✓[39;22m[39m [2mmalformed locale is also logged to observability channel[22m[39m

  [30;42;1m PASS [39;49;22m[39m Tests\Feature\KioskPaymentStateMachineTest[39m
  [32;1m✓[39;22m[39m [2mcard order stays pending until payment confirm[22m[39m
  [32;1m✓[39;22m[39m [2mcash order is immediately accepted and paid[22m[39m
  [32;1m✓[39;22m[39m [2mpayment confirm can finalize an already paid but pending kiosk order[22m[39m

  [30;42;1m PASS [39;49;22m[39m Tests\Feature\KioskPhase1\AllergensSeederTest[39m
  [32;1m✓[39;22m[39m [2mseeder inserts 14 rows[22m[39m
  [32;1m✓[39;22m[39m [2mseeder is idempotent on code[22m[39m
  [32;1m✓[39;22m[39m [2mall 14 eu codes present[22m[39m
  [32;1m✓[39;22m[39m [2mname keys are i18n ready[22m[39m

  [30;42;1m PASS [39;49;22m[39m Tests\Feature\KioskPhase1\BranchAvailableLocalesTest[39m
  [32;1m✓[39;22m[39m [2mavailable locales cast to array[22m[39m
  [32;1m✓[39;22m[39m [2mactive locales falls back to default when null[22m[39m
  [32;1m✓[39;22m[39m [2mactive locales returns branch field when set[22m[39m

  [30;42;1m PASS [39;49;22m[39m Tests\Feature\KioskPhase1\InvalidateKioskMenuCacheListenerTest[39m
  [32;1m✓[39;22m[39m [2mbranch scoped event invalidates only that branch key[22m[39m
  [32;1m✓[39;22m[39m [2mglobal event invalidates all active branches[22m[39m
  [32;1m✓[39;22m[39m [2mlistener is registered for item availability changed event[22m[39m

  [30;43;1m WARN [39;49;22m[39m Tests\Feature\KioskPhase1\ItemCategoryHierarchyTest[39m
  [32;1m✓[39;22m[39m [2mroot category has no parent and depth zero[22m[39m
  [32;1m✓[39;22m[39m [2mchild category depth is one[22m[39m
  [32;1m✓[39;22m[39m [2mcan attach under root[22m[39m
  [32;1m✓[39;22m[39m [2mcannot attach under child depth guard[22m[39m
  [32;1m✓[39;22m[39m [2mattach under null is always allowed[22m[39m
  [32;1m✓[39;22m[39m [2mchildren relation loads descendants[22m[39m
  [33;1m-[39;22m[39m [2mdeleting parent sets child parent id to null[22m[39m[33m → SQLite ne re-trigger pas ON DELETE SET NULL pour les FK ajoutées via ALTER TABLE.[39m

  [30;42;1m PASS [39;49;22m[39m Tests\Feature\KioskPhase1\KioskEndpointsTest[39m
  [32;1m✓[39;22m[39m [2mmenu requires auth[22m[39m
  [32;1m✓[39;22m[39m [2mmenu returns unified structure[22m[39m
  [32;1m✓[39;22m[39m [2mmenu returns 503 when no kiosk machine[22m[39m
  [32;1m✓[39;22m[39m [2mmenu includes chef pick flag[22m[39m
  [32;1m✓[39;22m[39m [2mpreview requires auth[22m[39m
  [32;1m✓[39;22m[39m [2mpreview ignores client prices ssot[22m[39m
  [32;1m✓[39;22m[39m [2mpreview guards cross item variation[22m[39m
  [32;1m✓[39;22m[39m [2mpreview applies kiosk promo priority[22m[39m
  [32;1m✓[39;22m[39m [2mpromo validate prioritizes kiosk promo over coupon[22m[39m
  [32;1m✓[39;22m[39m [2mpromo validate falls back to coupon[22m[39m
  [32;1m✓[39;22m[39m [2mpromo validate rejects unknown code[22m[39m
  [32;1m✓[39;22m[39m [2mpromo validate kiosk branch isolation[22m[39m
  [32;1m✓[39;22m[39m [2mupsell returns rule based suggestion when matches[22m[39m
  [32;1m✓[39;22m[39m [2mupsell falls back to legacy when no rule[22m[39m
  [32;1m✓[39;22m[39m [2mupsell excludes items already in cart[22m[39m

  [30;42;1m PASS [39;49;22m[39m Tests\Feature\KioskPhase1\KioskEventAliasTest[39m
  [32;1m✓[39;22m[39m [2mslash alias is accepted[22m[39m
  [32;1m✓[39;22m[39m [2mlegacy dash route still works[22m[39m
  [32;1m✓[39;22m[39m [2malias requires auth[22m[39m

  [30;42;1m PASS [39;49;22m[39m Tests\Feature\KioskPhase1\KioskEventExtendedTypesTest[39m
  [32;1m✓[39;22m[39m [2mcash instruction shown type accepted[22m[39m
  [32;1m✓[39;22m[39m [2mcash instruction ack with reason[22m[39m
  [32;1m✓[39;22m[39m [2mall 4 error subtypes accepted[22m[39m
  [32;1m✓[39;22m[39m [2merror context payload serialized to json[22m[39m
  [32;1m✓[39;22m[39m [2munknown type rejected[22m[39m
  [32;1m✓[39;22m[39m [2mdetails overflow truncated[22m[39m
  [32;1m✓[39;22m[39m [2mcontext array rejected when not array[22m[39m
  [32;1m✓[39;22m[39m [2mlegacy types still work[22m[39m

  [30;42;1m PASS [39;49;22m[39m Tests\Feature\KioskPhase1\KioskPromoModelTest[39m
  [32;1m✓[39;22m[39m [2mfind valid matches active in window[22m[39m
  [32;1m✓[39;22m[39m [2mfind valid rejects inactive[22m[39m
  [32;1m✓[39;22m[39m [2mfind valid rejects below min cart[22m[39m
  [32;1m✓[39;22m[39m [2mfind valid rejects when max uses reached[22m[39m
  [32;1m✓[39;22m[39m [2mcompute discount percent[22m[39m
  [32;1m✓[39;22m[39m [2mcompute discount amount capped at cart total[22m[39m
  [32;1m✓[39;22m[39m [2mcompute discount zero for empty cart[22m[39m
  [32;1m✓[39;22m[39m [2mbranch isolation unique constraint[22m[39m

  [30;42;1m PASS [39;49;22m[39m Tests\Feature\KioskPhase1\LoyaltyConsentTest[39m
  [32;1m✓[39;22m[39m [2mhash identifier returns 64 char hex sha256[22m[39m
  [32;1m✓[39;22m[39m [2mhash identifier is deterministic with app key[22m[39m
  [32;1m✓[39;22m[39m [2mhash identifier differs with different inputs[22m[39m
  [32;1m✓[39;22m[39m [2mhash identifier empty input returns placeholder[22m[39m
  [32;1m✓[39;22m[39m [2mhash identifier is not reversible to ip[22m[39m

  [30;42;1m PASS [39;49;22m[39m Tests\Feature\KioskPhase1\LoyaltyOptInEndpointTest[39m
  [32;1m✓[39;22m[39m [2mopt in creates user and consent log[22m[39m
  [32;1m✓[39;22m[39m [2mopt in rejects without consent[22m[39m
  [32;1m✓[39;22m[39m [2mopt in rejects consent false[22m[39m
  [32;1m✓[39;22m[39m [2mopt in rejects without privacy notice version[22m[39m
  [32;1m✓[39;22m[39m [2mopt in requires phone or email[22m[39m
  [32;1m✓[39;22m[39m [2mip is stored hashed not raw[22m[39m

  [30;42;1m PASS [39;49;22m[39m Tests\Feature\KioskPhase1\NormalItemResourceAllergensTest[39m
  [32;1m✓[39;22m[39m [2mresource includes is available boolean[22m[39m
  [32;1m✓[39;22m[39m [2mis available defaults to true when null[22m[39m
  [32;1m✓[39;22m[39m [2mis available false when flag is false[22m[39m
  [32;1m✓[39;22m[39m [2mresource includes empty allergens array when none attached[22m[39m
  [32;1m✓[39;22m[39m [2mresource projects allergens with expected shape[22m[39m
  [32;1m✓[39;22m[39m [2mresource shape is stable for legacy consumers[22m[39m

  [30;42;1m PASS [39;49;22m[39m Tests\Feature\KioskPhase1\Phase1MigrationsTest[39m
  [32;1m✓[39;22m[39m [2mitem categories has parent id[22m[39m
  [32;1m✓[39;22m[39m [2mallergens table exists[22m[39m
  [32;1m✓[39;22m[39m [2mitem allergen pivot exists[22m[39m
  [32;1m✓[39;22m[39m [2mupsell rules table exists[22m[39m
  [32;1m✓[39;22m[39m [2mkiosk promos table exists[22m[39m
  [32;1m✓[39;22m[39m [2mbranches has available locales[22m[39m
  [32;1m✓[39;22m[39m [2mitems has is chef pick[22m[39m
  [32;1m✓[39;22m[39m [2mloyalty consents table exists[22m[39m

  [30;42;1m PASS [39;49;22m[39m Tests\Feature\KioskPhase1\SsotInjectionHardeningTest[39m
  [32;1m✓[39;22m[39m [2mpreview injection branch id is ignored[22m[39m
  [32;1m✓[39;22m[39m [2mpreview injection price is ignored[22m[39m
  [32;1m✓[39;22m[39m [2mpreview arbitrary keys are stripped[22m[39m
  [32;1m✓[39;22m[39m [2mpromo validate ignores injected branch id[22m[39m
  [32;1m✓[39;22m[39m [2mmenu ignores injected branch id query string[22m[39m
  [32;1m✓[39;22m[39m [2mupsell ignores injected branch id[22m[39m

  [30;42;1m PASS [39;49;22m[39m Tests\Feature\KioskPhase1\UpsellRuleModelTest[39m
  [32;1m✓[39;22m[39m [2mtrigger category in cart matches when category present[22m[39m
  [32;1m✓[39;22m[39m [2mtrigger item in cart matches when item present[22m[39m
  [32;1m✓[39;22m[39m [2mtrigger cart total gte[22m[39m
  [32;1m✓[39;22m[39m [2munknown trigger returns false[22m[39m
  [32;1m✓[39;22m[39m [2mactive for branch scope filters inactive[22m[39m
  [32;1m✓[39;22m[39m [2mactive for branch scope respects time window[22m[39m
  [32;1m✓[39;22m[39m [2mpriority ordering desc[22m[39m

  [30;42;1m PASS [39;49;22m[39m Tests\Feature\KioskPhase5\KioskEventPhase5WhitelistTest[39m
  [32;1m✓[39;22m[39m [2ma11y settings type accepted[22m[39m
  [32;1m✓[39;22m[39m [2mhardware health type accepted with payload[22m[39m
  [32;1m✓[39;22m[39m [2mhardware event accepted[22m[39m
  [32;1m✓[39;22m[39m [2mconsent event accepted[22m[39m
  [32;1m✓[39;22m[39m [2manalytics event requires event name[22m[39m
  [32;1m✓[39;22m[39m [2manalytics accepts whitelisted event name[22m[39m
  [32;1m✓[39;22m[39m [2manalytics rejects unknown event name[22m[39m
  [32;1m✓[39;22m[39m [2mpayload with email is rejected[22m[39m
  [32;1m✓[39;22m[39m [2mpayload with phone nested is rejected[22m[39m
  [32;1m✓[39;22m[39m [2munknown top level type is rejected[22m[39m
  [32;1m✓[39;22m[39m [2mlegacy types still accepted after phase5[22m[39m
  [32;1m✓[39;22m[39m [2mall 6 new phase5 types accepted[22m[39m

  [30;42;1m PASS [39;49;22m[39m Tests\Feature\KioskPhase7\KioskAdminOverrideAuditTest[39m
  [32;1m✓[39;22m[39m [2midle timeouts override is logged with before after[22m[39m
  [32;1m✓[39;22m[39m [2mconsent override is logged[22m[39m
  [32;1m✓[39;22m[39m [2madmin override context never leaks  p i i[22m[39m
  [32;1m✓[39;22m[39m [2madmin action with payload containing  p i i is rejected[22m[39m
  [32;1m✓[39;22m[39m [2madmin action without subtype still accepted[22m[39m

  [30;42;1m PASS [39;49;22m[39m Tests\Feature\KioskPhase7\KioskEventBranchIsolationTest[39m
  [32;1m✓[39;22m[39m [2manalytics event with forged branch id logs server branch  a[22m[39m
  [32;1m✓[39;22m[39m [2mbranch id fallback to machine branch when payload absent[22m[39m
  [32;1m✓[39;22m[39m [2munauthenticated cannot post any event[22m[39m
  [32;1m✓[39;22m[39m [2mtoken without kiosk order ability is rejected[22m[39m
  [32;1m✓[39;22m[39m [2mall phase5 types respect branch isolation[22m[39m

  [30;42;1m PASS [39;49;22m[39m Tests\Feature\KioskScopeIsolationTest[39m
  [32;1m✓[39;22m[39m [2mkiosk token cannot access admin dashboard[22m[39m
  [32;1m✓[39;22m[39m [2mkiosk token cannot delete branch[22m[39m

  [30;42;1m PASS [39;49;22m[39m Tests\Feature\KioskSecurity\KioskEventAbilityTest[39m
  [32;1m✓[39;22m[39m [2mroute rejects token without kiosk order ability with data set "hyphen route"[22m[39m
  [32;1m✓[39;22m[39m [2mroute rejects token without kiosk order ability with data set "slash route"[22m[39m
  [32;1m✓[39;22m[39m [2mroute accepts token with kiosk order ability with data set "hyphen route"[22m[39m
  [32;1m✓[39;22m[39m [2mroute accepts token with kiosk order ability with data set "slash route"[22m[39m
  [32;1m✓[39;22m[39m [2mroute rejects unauthenticated request with data set "hyphen route"[22m[39m
  [32;1m✓[39;22m[39m [2mroute rejects unauthenticated request with data set "slash route"[22m[39m

  [30;42;1m PASS [39;49;22m[39m Tests\Feature\KioskSecurity\KioskEventBranchSpoofingTest[39m
  [32;1m✓[39;22m[39m [2mmatch no security log branch authoritative[22m[39m
  [32;1m✓[39;22m[39m [2mmismatch logs security and uses server branch kiosk event route[22m[39m
  [32;1m✓[39;22m[39m [2mmismatch logs security and uses server branch kiosk slash event route[22m[39m
  [32;1m✓[39;22m[39m [2mno branch id in payload uses server branch no security log[22m[39m

  [30;42;1m PASS [39;49;22m[39m Tests\Feature\KioskSecurityTest[39m
  [32;1m✓[39;22m[39m [2mkiosk login succeeds when machine already marked logged in[22m[39m
  [32;1m✓[39;22m[39m [2mkiosk order type persists when valid with data set "takeaway"[22m[39m
  [32;1m✓[39;22m[39m [2mkiosk order type persists when valid with data set "kiosk_sur_place"[22m[39m
  [32;1m✓[39;22m[39m [2mkiosk branch id is forced from machine[22m[39m

  [30;42;1m PASS [39;49;22m[39m Tests\Feature\KioskUpsellCategoryTest[39m
  [32;1m✓[39;22m[39m [2mkiosk upsell excludes items from category with pool disabled[22m[39m

  [30;42;1m PASS [39;49;22m[39m Tests\Feature\KitchenDisplaySystemOrderSortTest[39m
  [32;1m✓[39;22m[39m [2minvalid kds sort params fall back without breaking the api[22m[39m

  [30;42;1m PASS [39;49;22m[39m Tests\Feature\LoyaltyApiTest[39m
  [32;1m✓[39;22m[39m [2mloyalty register[22m[39m
  [32;1m✓[39;22m[39m [2mloyalty check[22m[39m
  [32;1m✓[39;22m[39m [2mloyalty add points[22m[39m
  [32;1m✓[39;22m[39m [2mloyalty redeem[22m[39m
  [32;1m✓[39;22m[39m [2mloyalty redeem not enough points[22m[39m

  [30;42;1m PASS [39;49;22m[39m Tests\Feature\Menu\AvailabilityServiceTest[39m
  [32;1m✓[39;22m[39m [2mtoggle creates row when missing and dispatches event[22m[39m
  [32;1m✓[39;22m[39m [2mtoggle back to available clears reason and since[22m[39m
  [32;1m✓[39;22m[39m [2mtoggle is idempotent when state unchanged[22m[39m
  [32;1m✓[39;22m[39m [2mis available defaults to true when no row[22m[39m
  [32;1m✓[39;22m[39m [2mis available returns stored value[22m[39m
  [32;1m✓[39;22m[39m [2mtoggle for all branches touches every branch[22m[39m
  [32;1m✓[39;22m[39m [2mlistener persists branch scoped event to outbox[22m[39m

  [30;42;1m PASS [39;49;22m[39m Tests\Feature\Menu\BumpMenuSnapshotListenerTest[39m
  [32;1m✓[39;22m[39m [2mbranch scoped event bumps only that branch[22m[39m
  [32;1m✓[39;22m[39m [2mglobal event bumps every active branch[22m[39m

  [30;43;1m WARN [39;49;22m[39m Tests\Feature\Menu\FrontendSurfaceFilteringTest[39m
  [33;1m-[39;22m[39m [2mitem list without surface returns every item[22m[39m[33m → Surface filtering contract relies on MySQL JSON_CONTAINS. Current driver: sqlite. This test runs in the phpunit.yml CI job against MySQL 8.0. See docs/TESTING.md §surface-filtering.[39m
  [33;1m-[39;22m[39m [2mitem list with surface kiosk hides pos only items[22m[39m[33m → Surface filtering contract relies on MySQL JSON_CONTAINS. Current driver: sqlite. This test runs in the phpunit.yml CI job against MySQL 8.0. See docs/TESTING.md §surface-filtering.[39m
  [33;1m-[39;22m[39m [2mitem list with surface pos hides kiosk only items[22m[39m[33m → Surface filtering contract relies on MySQL JSON_CONTAINS. Current driver: sqlite. This test runs in the phpunit.yml CI job against MySQL 8.0. See docs/TESTING.md §surface-filtering.[39m
  [33;1m-[39;22m[39m [2mitem list with unknown surface falls back to all[22m[39m[33m → Surface filtering contract relies on MySQL JSON_CONTAINS. Current driver: sqlite. This test runs in the phpunit.yml CI job against MySQL 8.0. See docs/TESTING.md §surface-filtering.[39m
  [33;1m-[39;22m[39m [2mcategory list with surface kiosk hides pos only categories[22m[39m[33m → Surface filtering contract relies on MySQL JSON_CONTAINS. Current driver: sqlite. This test runs in the phpunit.yml CI job against MySQL 8.0. See docs/TESTING.md §surface-filtering.[39m
  [33;1m-[39;22m[39m [2mcategory list without surface returns every category[22m[39m[33m → Surface filtering contract relies on MySQL JSON_CONTAINS. Current driver: sqlite. This test runs in the phpunit.yml CI job against MySQL 8.0. See docs/TESTING.md §surface-filtering.[39m

  [30;42;1m PASS [39;49;22m[39m Tests\Feature\Menu\OrderRejectsUnavailableBranchItemTest[39m
  [32;1m✓[39;22m[39m [2mfrontend order rejects item marked unavailable for branch[22m[39m
=== MENU SEEDER - Le Grill House ===
Restaurant: Le Cayenne
Locale: fr | Currency: EUR
====================================

Running pre-flight checks...
✓ Pre-flight checks passed

Checking existing menu data...
  - Existing categories: 0
  - Existing items: 0

Purging existing menu data...
  ✓ Purged legacy media from database
  ✓ Purged item_addons
  ✓ Purged item_extras
  ✓ Purged item_variations
  ✓ Purged item_attributes
  ✓ Purged items
  ✓ Purged item_categories
✓ All menu data purged

Creating categories...
  ✓ Created: Nos Tacos (template: tacos)
  ✓ Created: Nos Sandwichs (template: sandwich)
  ✓ Created: Nos Burgers (template: burger)
  ✓ Created: Nos Assiettes (template: assiette)
  ✓ Created: Ojja (template: simple)
  ✓ Created: Omelettes (template: omelette)
  ✓ Created: Nos Salades (template: salade)
  ✓ Created: Chicken & Tenders (template: snacking)
  ✓ Created: Nos Menus Enfants (template: simple)
  ✓ Created: Frites & Accompagnements (template: simple)
  ✓ Created: Nos Desserts (template: simple)
  ✓ Created: Nos Boissons (template: simple)
  ✓ Created: Suppléments (template: simple)
✓ Created 13 categories

Creating item attributes...
  ✓ Created: Viande 1, Viande 2, Viande 3, Viande 4
  ✓ Created: Sauce (1ère Gratuite)
  ✓ Created: Type de Pain
✓ Attributes created

Creating addon items (upsell)...
  ✓ Created addon: Menu (Frites + Boisson) (3€)
  ✓ Created addon: Frites Seules (2€)
  ✓ Created addon: Boisson Seule (2€)
✓ Created 3 addon items

Creating menu items...
  ✓ Tacos M (1 Viande) (6.5€)
  ✓ Tacos L (2 Viandes) (8.5€)
  ✓ Tacos XL (3 Viandes) (10.5€)
  ✓ Tacos XXL (4 Viandes) (12.5€)
  ✓ Le Méga (8€)
  ✓ Le Terminator (9€)
  ✓ Le Suprême (7€)
  ✓ Le Cayenne (7€)
  ✓ Sandwich Froid (4.5€)
  ✓ Panini (5€)
  ✓ Sandwich Classique (Pain) (6.5€)
  ✓ Sandwich Classique (Galette) (6.5€)
  ✓ Chicken Burger (6€)
  ✓ Cheese Burger (6€)
  ✓ Fish Burger (6€)
  ✓ Double Cheese (7€)
  ✓ Big Burger (9€)
  ✓ Grill Burger (8€)
  ✓ Assiette Poulet (12.5€)
  ✓ Assiette Kefta (12.5€)
  ✓ Assiette Merguez (12.5€)
  ✓ Assiette Mixte (14.5€)
  ✓ Ojja Bœuf (13.5€)
  ✓ Ojja Poulet (13.5€)
  ✓ Ojja Viande Hachée (13.5€)
  ✓ Ojja Merguez (13.5€)
  ✓ Omelette Nature (7.5€)
  ✓ Omelette Fromage (8.5€)
  ✓ Omelette Champignons Fromage (9.5€)
  ✓ Salade Chèvre (7.5€)
  ✓ Salade Royale (7.5€)
  ✓ Salade Saumon (7.5€)
  ✓ Salade Tunisienne (7.5€)
  ✓ Chicken Wings (6 pièces) (6€)
  ✓ Chicken Wings (12 pièces) (10.5€)
  ✓ Tenders (6 pièces) (7.5€)
  ✓ Tenders (12 pièces) (13.5€)
  ✓ Menu Cheese Burger (Enfant) (6€)
  ✓ Menu Nuggets (Enfant) (6€)
  ✓ Frites Moyenne (2.5€)
  ✓ Frites Grande (4€)
  ✓ Glace (3.8€)
  ✓ Tarte Daim (3.8€)
  ✓ Tiramisu (3.8€)
  ✓ Coca-Cola 33cl (1.5€)
  ✓ Coca-Cola Zero 33cl (1.5€)
  ✓ Fanta Orange 33cl (1.5€)
  ✓ Sprite 33cl (1.5€)
  ✓ Oasis Tropical 33cl (1.5€)
  ✓ Orangina 33cl (1.5€)
  ✓ Eau Plate 50cl (1€)
  ✓ Capri-Sun (1.5€)
  ✓ Sauce supplémentaire (0.5€)
  ✓ Fromage supplémentaire (1€)
  ✓ Jambon de dinde (1€)
  ✓ Boursin (1€)
  ✓ Fromage à raclette (1€)
  ✓ Œuf (1€)
  ✓ Galette pommes de terre (1€)
  ✓ Salade verte (2€)
✓ Created 60 menu items


Verifying French integrity...
  - Categories: 13
  - Items: 63
  - Item Attributes: 6
  - Item Variations: 772
  - Item Extras: 530
  - Item Addons: 180

⚠️  INTEGRITY WARNINGS:
  - Category 'Nos Sandwichs' contains English word: Sandwich
  - Category 'Nos Burgers' contains English word: Burger
  - Category 'Nos Salades' contains English word: Salad
  - Category 'Chicken & Tenders' contains English word: Chicken

✅ Menu seeding completed successfully!
====================================
=== MENU SEEDER - Le Grill House ===
Restaurant: Le Cayenne
Locale: fr | Currency: EUR
====================================

Running pre-flight checks...
✓ Pre-flight checks passed

Checking existing menu data...
  - Existing categories: 0
  - Existing items: 0

Purging existing menu data...
  ✓ Purged legacy media from database
  ✓ Purged item_addons
  ✓ Purged item_extras
  ✓ Purged item_variations
  ✓ Purged item_attributes
  ✓ Purged items
  ✓ Purged item_categories
✓ All menu data purged

Creating categories...
  ✓ Created: Nos Tacos (template: tacos)
  ✓ Created: Nos Sandwichs (template: sandwich)
  ✓ Created: Nos Burgers (template: burger)
  ✓ Created: Nos Assiettes (template: assiette)
  ✓ Created: Ojja (template: simple)
  ✓ Created: Omelettes (template: omelette)
  ✓ Created: Nos Salades (template: salade)
  ✓ Created: Chicken & Tenders (template: snacking)
  ✓ Created: Nos Menus Enfants (template: simple)
  ✓ Created: Frites & Accompagnements (template: simple)
  ✓ Created: Nos Desserts (template: simple)
  ✓ Created: Nos Boissons (template: simple)
  ✓ Created: Suppléments (template: simple)
✓ Created 13 categories

Creating item attributes...
  ✓ Created: Viande 1, Viande 2, Viande 3, Viande 4
  ✓ Created: Sauce (1ère Gratuite)
  ✓ Created: Type de Pain
✓ Attributes created

Creating addon items (upsell)...
  ✓ Created addon: Menu (Frites + Boisson) (3€)
  ✓ Created addon: Frites Seules (2€)
  ✓ Created addon: Boisson Seule (2€)
✓ Created 3 addon items

Creating menu items...
  ✓ Tacos M (1 Viande) (6.5€)
  ✓ Tacos L (2 Viandes) (8.5€)
  ✓ Tacos XL (3 Viandes) (10.5€)
  ✓ Tacos XXL (4 Viandes) (12.5€)
  ✓ Le Méga (8€)
  ✓ Le Terminator (9€)
  ✓ Le Suprême (7€)
  ✓ Le Cayenne (7€)
  ✓ Sandwich Froid (4.5€)
  ✓ Panini (5€)
  ✓ Sandwich Classique (Pain) (6.5€)
  ✓ Sandwich Classique (Galette) (6.5€)
  ✓ Chicken Burger (6€)
  ✓ Cheese Burger (6€)
  ✓ Fish Burger (6€)
  ✓ Double Cheese (7€)
  ✓ Big Burger (9€)
  ✓ Grill Burger (8€)
  ✓ Assiette Poulet (12.5€)
  ✓ Assiette Kefta (12.5€)
  ✓ Assiette Merguez (12.5€)
  ✓ Assiette Mixte (14.5€)
  ✓ Ojja Bœuf (13.5€)
  ✓ Ojja Poulet (13.5€)
  ✓ Ojja Viande Hachée (13.5€)
  ✓ Ojja Merguez (13.5€)
  ✓ Omelette Nature (7.5€)
  ✓ Omelette Fromage (8.5€)
  ✓ Omelette Champignons Fromage (9.5€)
  ✓ Salade Chèvre (7.5€)
  ✓ Salade Royale (7.5€)
  ✓ Salade Saumon (7.5€)
  ✓ Salade Tunisienne (7.5€)
  ✓ Chicken Wings (6 pièces) (6€)
  ✓ Chicken Wings (12 pièces) (10.5€)
  ✓ Tenders (6 pièces) (7.5€)
  ✓ Tenders (12 pièces) (13.5€)
  ✓ Menu Cheese Burger (Enfant) (6€)
  ✓ Menu Nuggets (Enfant) (6€)
  ✓ Frites Moyenne (2.5€)
  ✓ Frites Grande (4€)
  ✓ Glace (3.8€)
  ✓ Tarte Daim (3.8€)
  ✓ Tiramisu (3.8€)
  ✓ Coca-Cola 33cl (1.5€)
  ✓ Coca-Cola Zero 33cl (1.5€)
  ✓ Fanta Orange 33cl (1.5€)
  ✓ Sprite 33cl (1.5€)
  ✓ Oasis Tropical 33cl (1.5€)
  ✓ Orangina 33cl (1.5€)
  ✓ Eau Plate 50cl (1€)
  ✓ Capri-Sun (1.5€)
  ✓ Sauce supplémentaire (0.5€)
  ✓ Fromage supplémentaire (1€)
  ✓ Jambon de dinde (1€)
  ✓ Boursin (1€)
  ✓ Fromage à raclette (1€)
  ✓ Œuf (1€)
  ✓ Galette pommes de terre (1€)
  ✓ Salade verte (2€)
✓ Created 60 menu items


Verifying French integrity...
  - Categories: 13
  - Items: 63
  - Item Attributes: 6
  - Item Variations: 772
  - Item Extras: 530
  - Item Addons: 180

⚠️  INTEGRITY WARNINGS:
  - Category 'Nos Sandwichs' contains English word: Sandwich
  - Category 'Nos Burgers' contains English word: Burger
  - Category 'Nos Salades' contains English word: Salad
  - Category 'Chicken & Tenders' contains English word: Chicken

✅ Menu seeding completed successfully!
====================================
=== MENU SEEDER - Le Grill House ===
Restaurant: Le Cayenne
Locale: fr | Currency: EUR
====================================

Running pre-flight checks...
✓ Pre-flight checks passed

Checking existing menu data...
  - Existing categories: 0
  - Existing items: 0

Purging existing menu data...
  ✓ Purged legacy media from database
  ✓ Purged item_addons
  ✓ Purged item_extras
  ✓ Purged item_variations
  ✓ Purged item_attributes
  ✓ Purged items
  ✓ Purged item_categories
✓ All menu data purged

Creating categories...
  ✓ Created: Nos Tacos (template: tacos)
  ✓ Created: Nos Sandwichs (template: sandwich)
  ✓ Created: Nos Burgers (template: burger)
  ✓ Created: Nos Assiettes (template: assiette)
  ✓ Created: Ojja (template: simple)
  ✓ Created: Omelettes (template: omelette)
  ✓ Created: Nos Salades (template: salade)
  ✓ Created: Chicken & Tenders (template: snacking)
  ✓ Created: Nos Menus Enfants (template: simple)
  ✓ Created: Frites & Accompagnements (template: simple)
  ✓ Created: Nos Desserts (template: simple)
  ✓ Created: Nos Boissons (template: simple)
  ✓ Created: Suppléments (template: simple)
✓ Created 13 categories

Creating item attributes...
  ✓ Created: Viande 1, Viande 2, Viande 3, Viande 4
  ✓ Created: Sauce (1ère Gratuite)
  ✓ Created: Type de Pain
✓ Attributes created

Creating addon items (upsell)...
  ✓ Created addon: Menu (Frites + Boisson) (3€)
  ✓ Created addon: Frites Seules (2€)
  ✓ Created addon: Boisson Seule (2€)
✓ Created 3 addon items

Creating menu items...
  ✓ Tacos M (1 Viande) (6.5€)
  ✓ Tacos L (2 Viandes) (8.5€)
  ✓ Tacos XL (3 Viandes) (10.5€)
  ✓ Tacos XXL (4 Viandes) (12.5€)
  ✓ Le Méga (8€)
  ✓ Le Terminator (9€)
  ✓ Le Suprême (7€)
  ✓ Le Cayenne (7€)
  ✓ Sandwich Froid (4.5€)
  ✓ Panini (5€)
  ✓ Sandwich Classique (Pain) (6.5€)
  ✓ Sandwich Classique (Galette) (6.5€)
  ✓ Chicken Burger (6€)
  ✓ Cheese Burger (6€)
  ✓ Fish Burger (6€)
  ✓ Double Cheese (7€)
  ✓ Big Burger (9€)
  ✓ Grill Burger (8€)
  ✓ Assiette Poulet (12.5€)
  ✓ Assiette Kefta (12.5€)
  ✓ Assiette Merguez (12.5€)
  ✓ Assiette Mixte (14.5€)
  ✓ Ojja Bœuf (13.5€)
  ✓ Ojja Poulet (13.5€)
  ✓ Ojja Viande Hachée (13.5€)
  ✓ Ojja Merguez (13.5€)
  ✓ Omelette Nature (7.5€)
  ✓ Omelette Fromage (8.5€)
  ✓ Omelette Champignons Fromage (9.5€)
  ✓ Salade Chèvre (7.5€)
  ✓ Salade Royale (7.5€)
  ✓ Salade Saumon (7.5€)
  ✓ Salade Tunisienne (7.5€)
  ✓ Chicken Wings (6 pièces) (6€)
  ✓ Chicken Wings (12 pièces) (10.5€)
  ✓ Tenders (6 pièces) (7.5€)
  ✓ Tenders (12 pièces) (13.5€)
  ✓ Menu Cheese Burger (Enfant) (6€)
  ✓ Menu Nuggets (Enfant) (6€)
  ✓ Frites Moyenne (2.5€)
  ✓ Frites Grande (4€)
  ✓ Glace (3.8€)
  ✓ Tarte Daim (3.8€)
  ✓ Tiramisu (3.8€)
  ✓ Coca-Cola 33cl (1.5€)
  ✓ Coca-Cola Zero 33cl (1.5€)
  ✓ Fanta Orange 33cl (1.5€)
  ✓ Sprite 33cl (1.5€)
  ✓ Oasis Tropical 33cl (1.5€)
  ✓ Orangina 33cl (1.5€)
  ✓ Eau Plate 50cl (1€)
  ✓ Capri-Sun (1.5€)
  ✓ Sauce supplémentaire (0.5€)
  ✓ Fromage supplémentaire (1€)
  ✓ Jambon de dinde (1€)
  ✓ Boursin (1€)
  ✓ Fromage à raclette (1€)
  ✓ Œuf (1€)
  ✓ Galette pommes de terre (1€)
  ✓ Salade verte (2€)
✓ Created 60 menu items


Verifying French integrity...
  - Categories: 13
  - Items: 63
  - Item Attributes: 6
  - Item Variations: 772
  - Item Extras: 530
  - Item Addons: 180

⚠️  INTEGRITY WARNINGS:
  - Category 'Nos Sandwichs' contains English word: Sandwich
  - Category 'Nos Burgers' contains English word: Burger
  - Category 'Nos Salades' contains English word: Salad
  - Category 'Chicken & Tenders' contains English word: Chicken

✅ Menu seeding completed successfully!
====================================
=== MENU SEEDER - Le Grill House ===
Restaurant: Le Cayenne
Locale: fr | Currency: EUR
====================================

Running pre-flight checks...
✓ Pre-flight checks passed

Checking existing menu data...
  - Existing categories: 13
  - Existing items: 63
  - Found French categories: 3
  ⚠️ Found English category: 'Nos Sandwichs'
🚨 ENGLISH MENU DETECTED! Force purging...

Purging existing menu data...
  ✓ Purged legacy media from database
  ✓ Purged item_addons
  ✓ Purged item_extras
  ✓ Purged item_variations
  ✓ Purged item_attributes
  ✓ Purged items
  ✓ Purged item_categories
✓ All menu data purged

Creating categories...
  ✓ Created: Nos Tacos (template: tacos)
  ✓ Created: Nos Sandwichs (template: sandwich)
  ✓ Created: Nos Burgers (template: burger)
  ✓ Created: Nos Assiettes (template: assiette)
  ✓ Created: Ojja (template: simple)
  ✓ Created: Omelettes (template: omelette)
  ✓ Created: Nos Salades (template: salade)
  ✓ Created: Chicken & Tenders (template: snacking)
  ✓ Created: Nos Menus Enfants (template: simple)
  ✓ Created: Frites & Accompagnements (template: simple)
  ✓ Created: Nos Desserts (template: simple)
  ✓ Created: Nos Boissons (template: simple)
  ✓ Created: Suppléments (template: simple)
✓ Created 13 categories

Creating item attributes...
  ✓ Created: Viande 1, Viande 2, Viande 3, Viande 4
  ✓ Created: Sauce (1ère Gratuite)
  ✓ Created: Type de Pain
✓ Attributes created

Creating addon items (upsell)...
  ✓ Created addon: Menu (Frites + Boisson) (3€)
  ✓ Created addon: Frites Seules (2€)
  ✓ Created addon: Boisson Seule (2€)
✓ Created 3 addon items

Creating menu items...
  ✓ Tacos M (1 Viande) (6.5€)
  ✓ Tacos L (2 Viandes) (8.5€)
  ✓ Tacos XL (3 Viandes) (10.5€)
  ✓ Tacos XXL (4 Viandes) (12.5€)
  ✓ Le Méga (8€)
  ✓ Le Terminator (9€)
  ✓ Le Suprême (7€)
  ✓ Le Cayenne (7€)
  ✓ Sandwich Froid (4.5€)
  ✓ Panini (5€)
  ✓ Sandwich Classique (Pain) (6.5€)
  ✓ Sandwich Classique (Galette) (6.5€)
  ✓ Chicken Burger (6€)
  ✓ Cheese Burger (6€)
  ✓ Fish Burger (6€)
  ✓ Double Cheese (7€)
  ✓ Big Burger (9€)
  ✓ Grill Burger (8€)
  ✓ Assiette Poulet (12.5€)
  ✓ Assiette Kefta (12.5€)
  ✓ Assiette Merguez (12.5€)
  ✓ Assiette Mixte (14.5€)
  ✓ Ojja Bœuf (13.5€)
  ✓ Ojja Poulet (13.5€)
  ✓ Ojja Viande Hachée (13.5€)
  ✓ Ojja Merguez (13.5€)
  ✓ Omelette Nature (7.5€)
  ✓ Omelette Fromage (8.5€)
  ✓ Omelette Champignons Fromage (9.5€)
  ✓ Salade Chèvre (7.5€)
  ✓ Salade Royale (7.5€)
  ✓ Salade Saumon (7.5€)
  ✓ Salade Tunisienne (7.5€)
  ✓ Chicken Wings (6 pièces) (6€)
  ✓ Chicken Wings (12 pièces) (10.5€)
  ✓ Tenders (6 pièces) (7.5€)
  ✓ Tenders (12 pièces) (13.5€)
  ✓ Menu Cheese Burger (Enfant) (6€)
  ✓ Menu Nuggets (Enfant) (6€)
  ✓ Frites Moyenne (2.5€)
  ✓ Frites Grande (4€)
  ✓ Glace (3.8€)
  ✓ Tarte Daim (3.8€)
  ✓ Tiramisu (3.8€)
  ✓ Coca-Cola 33cl (1.5€)
  ✓ Coca-Cola Zero 33cl (1.5€)
  ✓ Fanta Orange 33cl (1.5€)
  ✓ Sprite 33cl (1.5€)
  ✓ Oasis Tropical 33cl (1.5€)
  ✓ Orangina 33cl (1.5€)
  ✓ Eau Plate 50cl (1€)
  ✓ Capri-Sun (1.5€)
  ✓ Sauce supplémentaire (0.5€)
  ✓ Fromage supplémentaire (1€)
  ✓ Jambon de dinde (1€)
  ✓ Boursin (1€)
  ✓ Fromage à raclette (1€)
  ✓ Œuf (1€)
  ✓ Galette pommes de terre (1€)
  ✓ Salade verte (2€)
✓ Created 60 menu items


Verifying French integrity...
  - Categories: 13
  - Items: 63
  - Item Attributes: 6
  - Item Variations: 772
  - Item Extras: 530
  - Item Addons: 180

⚠️  INTEGRITY WARNINGS:
  - Category 'Nos Sandwichs' contains English word: Sandwich
  - Category 'Nos Burgers' contains English word: Burger
  - Category 'Nos Salades' contains English word: Salad
  - Category 'Chicken & Tenders' contains English word: Chicken

✅ Menu seeding completed successfully!
====================================

  [30;42;1m PASS [39;49;22m[39m Tests\Feature\MenuSeederTest[39m
  [32;1m✓[39;22m[39m [2mmenu seeder runs with sqlite[22m[39m
  [32;1m✓[39;22m[39m [2mmenu seeder creates french menu[22m[39m
  [32;1m✓[39;22m[39m [2mmenu seeder is idempotent[22m[39m

  [30;42;1m PASS [39;49;22m[39m Tests\Feature\Migrations\ActionLogsCompositeIndexTest[39m
  [32;1m✓[39;22m[39m [2mcomposite branch created index exists[22m[39m

  [30;42;1m PASS [39;49;22m[39m Tests\Feature\MultiVariationValidationTest[39m
  [32;1m✓[39;22m[39m [2mpreview accepts legacy single select without quantity[22m[39m
  [32;1m✓[39;22m[39m [2mpreview accepts multi qty when allow repeat and within max[22m[39m
  [32;1m✓[39;22m[39m [2mpreview rejects total below min select with structured errors[22m[39m
  [32;1m✓[39;22m[39m [2mpreview rejects total above max select[22m[39m
  [32;1m✓[39;22m[39m [2mpreview rejects repeat when not allowed[22m[39m
  [32;1m✓[39;22m[39m [2mpreview accepts valid multi attribute mix[22m[39m
  [32;1m✓[39;22m[39m [2mpreview accepts missing or empty item variations[22m[39m
  [32;1m✓[39;22m[39m [2mrule ignores unknown variation id for constraint[22m[39m

  [30;42;1m PASS [39;49;22m[39m Tests\Feature\OSSReadOnlyTest[39m
  [32;1m✓[39;22m[39m [2moss system is strictly read only[22m[39m

  [30;42;1m PASS [39;49;22m[39m Tests\Feature\Observability\CorrelationIdEndToEndTest[39m
  [32;1m✓[39;22m[39m [2mclient provided correlation id is echoed in response header[22m[39m
  [32;1m✓[39;22m[39m [2mmissing correlation id is generated by middleware[22m[39m
  [32;1m✓[39;22m[39m [2mcorrelation id works on anonymous routes csp report[22m[39m
  [32;1m✓[39;22m[39m [2mlog listen does not capture a different correlation id[22m[39m

  [30;42;1m PASS [39;49;22m[39m Tests\Feature\Observability\CspReportEndpointTest[39m
  [32;1m✓[39;22m[39m [2mvalid csp report is accepted and logged to observability channel[22m[39m
  [32;1m✓[39;22m[39m [2mmalformed payload is still accepted with warning log[22m[39m
  [32;1m✓[39;22m[39m [2mdocument uri with sensitive query params is redacted[22m[39m
  [32;1m✓[39;22m[39m [2mroute is anonymous no auth required[22m[39m

  [30;42;1m PASS [39;49;22m[39m Tests\Feature\Observability\ObservabilityLogChannelTest[39m
  [32;1m✓[39;22m[39m [2mobservability channel is configured[22m[39m
  [32;1m✓[39;22m[39m [2msecurity and hardware channels preserved for  k6  k4 heritage[22m[39m

  [30;42;1m PASS [39;49;22m[39m Tests\Feature\Observability\SecurityLogChannelTest[39m
  [32;1m✓[39;22m[39m [2msecurity channel is configured[22m[39m
  [32;1m✓[39;22m[39m [2msecurity channel is resolvable and writable[22m[39m

  [30;42;1m PASS [39;49;22m[39m Tests\Feature\Observability\SloEvaluatorJobTest[39m
  [32;1m✓[39;22m[39m [2mevaluates active branches and persists snapshot[22m[39m
  [32;1m✓[39;22m[39m [2mmetric collector classifies no data status[22m[39m
  [32;1m✓[39;22m[39m [2mpercentile classification respects adr7 thresholds[22m[39m
  [32;1m✓[39;22m[39m [2mjob is resilient to branch processing error[22m[39m

  [30;42;1m PASS [39;49;22m[39m Tests\Feature\OrderCancellationLoyaltyTest[39m
  [32;1m✓[39;22m[39m [2mcancel order refunds loyalty points[22m[39m
  [32;1m✓[39;22m[39m [2mcancel order without loyalty does nothing[22m[39m

  [30;42;1m PASS [39;49;22m[39m Tests\Feature\OrderFlowTest[39m
  [32;1m✓[39;22m[39m [2morder without auth returns 401[22m[39m
  [32;1m✓[39;22m[39m [2morder price recalculated server side[22m[39m
  [32;1m✓[39;22m[39m [2minvalid status transition rejected[22m[39m

  [30;42;1m PASS [39;49;22m[39m Tests\Feature\OrderItemCompositionSnapshotTest[39m
  [32;1m✓[39;22m[39m [2mcolumn composition snapshot exists after migration[22m[39m
  [32;1m✓[39;22m[39m [2morderitem cast to array[22m[39m
  [32;1m✓[39;22m[39m [2mlegacy orderitem with null snapshot works in resource fallback[22m[39m
  [32;1m✓[39;22m[39m [2mresource prefers snapshot over legacy field[22m[39m
  [32;1m✓[39;22m[39m [2msnapshot is immutable after variation rename[22m[39m
  [32;1m✓[39;22m[39m [2mbuilder supports quantity field[22m[39m

  [30;42;1m PASS [39;49;22m[39m Tests\Feature\OrderPipeline\KioskFullFlowE2ETest[39m
  [32;1m✓[39;22m[39m [2mkiosk order full flow to kds with variations extras allergens[22m[39m

  [30;42;1m PASS [39;49;22m[39m Tests\Feature\OrderRequestNegativeTotalTest[39m
  [32;1m✓[39;22m[39m [2mfrontend order rejects negative total[22m[39m
  [32;1m✓[39;22m[39m [2mfrontend order rejects negative subtotal[22m[39m
  [32;1m✓[39;22m[39m [2mfrontend order rejects negative discount[22m[39m

  [30;42;1m PASS [39;49;22m[39m Tests\Feature\OrderSetupRequestNegativeValuesTest[39m
  [32;1m✓[39;22m[39m [2morder setup update rejects negative basic delivery charge[22m[39m
  [32;1m✓[39;22m[39m [2morder setup update rejects negative food preparation time[22m[39m
  [32;1m✓[39;22m[39m [2morder setup update accepts valid non negative payload[22m[39m

  [30;42;1m PASS [39;49;22m[39m Tests\Feature\OrderStateTransitionTest[39m
  [32;1m✓[39;22m[39m [2minvalid order state transition is rejected[22m[39m

  [30;42;1m PASS [39;49;22m[39m Tests\Feature\Orders\CleanupStalePendingOrdersTest[39m
  [32;1m✓[39;22m[39m [2mcancels stale pending kiosk orders only[22m[39m
  [32;1m✓[39;22m[39m [2mkernel registers cleanup job every five minutes[22m[39m

  [30;42;1m PASS [39;49;22m[39m Tests\Feature\Orders\CrossItemGuardTest[39m
  [32;1m✓[39;22m[39m [2mpos pricing request rejects forbidden item combo[22m[39m
  [32;1m✓[39;22m[39m [2mtable and web also enforce[22m[39m

  [30;42;1m PASS [39;49;22m[39m Tests\Feature\Orders\IdempotencyBranchScopedTest[39m
  [32;1m✓[39;22m[39m [2msame key different branches ok[22m[39m
  [32;1m✓[39;22m[39m [2msame key same branch duplicate rejected[22m[39m

  [30;42;1m PASS [39;49;22m[39m Tests\Feature\Orders\KDSAllergenVisibilityTest[39m
  [32;1m✓[39;22m[39m [2mkds endpoint exposes per item allergens snapshot[22m[39m

  [30;42;1m PASS [39;49;22m[39m Tests\Feature\Orders\KioskIdsOnlyPayloadTest[39m
  [32;1m✓[39;22m[39m [2mkiosk ids only payload is accepted and total is recomputed server side[22m[39m

  [30;42;1m PASS [39;49;22m[39m Tests\Feature\Orders\OrderAllergenSnapshotComposedTest[39m
  [32;1m✓[39;22m[39m [2msentinel base item plus extra with milk should snapshot lait[22m[39m

  [30;42;1m PASS [39;49;22m[39m Tests\Feature\Orders\OrderAllergenSnapshotTest[39m
  [32;1m✓[39;22m[39m [2mkiosk order stores allergens snapshot from pivot[22m[39m
  [32;1m✓[39;22m[39m [2msnapshot remains immutable after item allergens change[22m[39m

  [30;42;1m PASS [39;49;22m[39m Tests\Feature\OutboxTest[39m
  [32;1m✓[39;22m[39m [2morder created persists domain event[22m[39m
  [32;1m✓[39;22m[39m [2mdomain event not persisted on rollback[22m[39m
  [32;1m✓[39;22m[39m [2mdomain event persisted only after commit[22m[39m
  [32;1m✓[39;22m[39m [2mdispatch job marks event dispatched[22m[39m
  [32;1m✓[39;22m[39m [2mrescue command requeues stale events[22m[39m
  [32;1m✓[39;22m[39m [2mretry failed resets and requeues[22m[39m

  [30;42;1m PASS [39;49;22m[39m Tests\Feature\POSComprehensiveTest[39m
  [32;1m✓[39;22m[39m [2mpos can create order[22m[39m
  [32;1m✓[39;22m[39m [2mpos can list orders[22m[39m
  [32;1m✓[39;22m[39m [2mpos can view order details[22m[39m
  [32;1m✓[39;22m[39m [2mpos can change status to preparing[22m[39m
  [32;1m✓[39;22m[39m [2mpos can change payment status[22m[39m
  [32;1m✓[39;22m[39m [2mpos can delete order[22m[39m
  [32;1m✓[39;22m[39m [2mpos can export orders[22m[39m
  [32;1m✓[39;22m[39m [2mpos can reorder items[22m[39m

  [30;42;1m PASS [39;49;22m[39m Tests\Feature\Pos\FloorplanControllerTest[39m
  [32;1m✓[39;22m[39m [2mstate returns only tables from the current branch[22m[39m
  [32;1m✓[39;22m[39m [2massign on a free table marks it occupied and creates an audit log[22m[39m
  [32;1m✓[39;22m[39m [2massign on a table occupied by another order returns 409[22m[39m
  [32;1m✓[39;22m[39m [2massign on a table already occupied by the same order is idempotent[22m[39m
  [32;1m✓[39;22m[39m [2mrelease marks the table free without modifying the order table reference[22m[39m
  [32;1m✓[39;22m[39m [2mtransfer moves the order to the target table and logs the action[22m[39m
  [32;1m✓[39;22m[39m [2mtransfer within the same branch frees the source and occupies the target[22m[39m
  [32;1m✓[39;22m[39m [2mtransfer cross branch returns 404[22m[39m
  [32;1m✓[39;22m[39m [2massign syncs orders dining table id on occupation[22m[39m
  [32;1m✓[39;22m[39m [2massign with non existent order id returns 422[22m[39m
  [32;1m✓[39;22m[39m [2massign with cross branch order id returns 422[22m[39m

  [30;42;1m PASS [39;49;22m[39m Tests\Feature\PosDineInServerGateTest[39m
  [32;1m✓[39;22m[39m [2mdine in rejected when flag off[22m[39m
  [32;1m✓[39;22m[39m [2mdine in requires table when flag on[22m[39m
  [32;1m✓[39;22m[39m [2morder type string casts to int[22m[39m

  [30;42;1m PASS [39;49;22m[39m Tests\Feature\PosDiscountPermissionTest[39m
  [32;1m✓[39;22m[39m [2mdiscount without motif is rejected[22m[39m
  [32;1m✓[39;22m[39m [2mdiscount 5pct without permission is rejected[22m[39m
  [32;1m✓[39;22m[39m [2mdiscount 5pct with cashier permission is accepted[22m[39m
  [32;1m✓[39;22m[39m [2mdiscount 25pct cashier only is rejected[22m[39m
  [32;1m✓[39;22m[39m [2mdiscount 25pct with manager permission is accepted[22m[39m
  [32;1m✓[39;22m[39m [2mdiscount 75pct manager only is rejected[22m[39m
  [32;1m✓[39;22m[39m [2mdiscount 75pct with unlimited is accepted[22m[39m
  [32;1m✓[39;22m[39m [2mzero discount does not require motif or permission[22m[39m

  [30;42;1m PASS [39;49;22m[39m Tests\Feature\PosDiscountTest[39m
  [32;1m✓[39;22m[39m [2mmanual discount is applied when less than or equal to subtotal[22m[39m
  [32;1m✓[39;22m[39m [2mmanual discount is ignored when greater than subtotal[22m[39m
  [32;1m✓[39;22m[39m [2mcoupon takes priority over manual discount[22m[39m

  [30;42;1m PASS [39;49;22m[39m Tests\Feature\PosKioskPricingParityTest[39m
  [32;1m✓[39;22m[39m [2mcase a two meat mix 1 plus 1 totals match[22m[39m
  [32;1m✓[39;22m[39m [2mcase b three same meat totals match[22m[39m
  [32;1m✓[39;22m[39m [2mcase c four meat 2 plus 1 plus 1 totals match[22m[39m
  [32;1m✓[39;22m[39m [2mcase d with paid extra totals match[22m[39m

  [30;42;1m PASS [39;49;22m[39m Tests\Feature\PosOrderDestroyTest[39m
  [32;1m✓[39;22m[39m [2mcannot destroy order from another branch[22m[39m
  [32;1m✓[39;22m[39m [2mcannot destroy paid order without permission[22m[39m
  [32;1m✓[39;22m[39m [2mcan destroy paid order with permission[22m[39m
  [32;1m✓[39;22m[39m [2mdestroy writes action log[22m[39m

  [30;42;1m PASS [39;49;22m[39m Tests\Feature\PosOrderRequestNullableTotalTest[39m
  [32;1m✓[39;22m[39m [2mpayload without total or subtotal is accepted[22m[39m
  [32;1m✓[39;22m[39m [2mspoofed low total is ignored server recomputes[22m[39m
  [32;1m✓[39;22m[39m [2mcash received below server total is rejected[22m[39m
  [32;1m✓[39;22m[39m [2mnegative subtotal rejected at validation[22m[39m
  [32;1m✓[39;22m[39m [2mnegative pos received amount rejected at validation[22m[39m

  [30;42;1m PASS [39;49;22m[39m Tests\Feature\PosOrderRestoreIntegrityTest[39m
  [32;1m✓[39;22m[39m [2mrestoring a soft deleted order throws[22m[39m
  [32;1m✓[39;22m[39m [2mforce deleting a trashed order still works[22m[39m
  [32;1m✓[39;22m[39m [2msave on a live order is not blocked by restore guard[22m[39m

  [30;42;1m PASS [39;49;22m[39m Tests\Feature\PosOrderTaxTest[39m
  [32;1m✓[39;22m[39m [2mpos order tax is calculated from db[22m[39m
  [32;1m✓[39;22m[39m [2mpayment status change requires role[22m[39m

  [30;42;1m PASS [39;49;22m[39m Tests\Feature\PosParkedOrderTest[39m
  [32;1m✓[39;22m[39m [2mpark creates a database entry[22m[39m
  [32;1m✓[39;22m[39m [2mlist returns only orders for the same operator and branch[22m[39m
  [32;1m✓[39;22m[39m [2mrecall deletes the entry and returns the payload[22m[39m
  [32;1m✓[39;22m[39m [2mrecall on unknown id returns 404[22m[39m
  [32;1m✓[39;22m[39m [2mdiscard deletes the entry[22m[39m
  [32;1m✓[39;22m[39m [2mrecall cross branch returns 404[22m[39m
  [32;1m✓[39;22m[39m [2mdiscard cross branch returns 404[22m[39m
  [32;1m✓[39;22m[39m [2mpark with the same idempotency token creates only one row[22m[39m

  [30;42;1m PASS [39;49;22m[39m Tests\Feature\PosParkedRecallVariationAvailabilityTest[39m
  [32;1m✓[39;22m[39m [2mrecall drops unavailable variation and returns warning[22m[39m
  [32;1m✓[39;22m[39m [2mrecall succeeds unchanged when all variations available[22m[39m
  [32;1m✓[39;22m[39m [2mrecall returns warning count matching dropped variations[22m[39m

  [30;42;1m PASS [39;49;22m[39m Tests\Feature\PosPricingSsotProofTest[39m
  [32;1m✓[39;22m[39m [2mpos order overwrites client forged pricing with ssot[22m[39m

  [30;42;1m PASS [39;49;22m[39m Tests\Feature\PosPriorityApiTest[39m
  [32;1m✓[39;22m[39m [2minvalid coupon id returns 422[22m[39m
  [32;1m✓[39;22m[39m [2mdelivery with foreign address returns 422[22m[39m

  [30;42;1m PASS [39;49;22m[39m Tests\Feature\PosReceiptFiscalExposureTest[39m
  [32;1m✓[39;22m[39m [2morder details resource exposes fiscal branch operator and payments breakdown[22m[39m
  [32;1m✓[39;22m[39m [2mlegacy order without fiscal sequence exposes null[22m[39m
  [32;1m✓[39;22m[39m [2maudit chain fingerprint is twelve hex chars when audit log exists[22m[39m
  [32;1m✓[39;22m[39m [2maudit chain fingerprint is null without audit row[22m[39m
  [32;1m✓[39;22m[39m [2morder item resource returns snapshot lines for receipt consumption[22m[39m

  [30;42;1m PASS [39;49;22m[39m Tests\Feature\PosReceiptTaxLinesTest[39m
  [32;1m✓[39;22m[39m [2mtax lines are grouped by rate[22m[39m

  [30;42;1m PASS [39;49;22m[39m Tests\Feature\PosTicketRestaurantPaymentTest[39m
  [32;1m✓[39;22m[39m [2mpos order accepts ticket restaurant with reference note[22m[39m

  [30;42;1m PASS [39;49;22m[39m Tests\Feature\PosUITest[39m
  [32;1m✓[39;22m[39m [2mpos order creates with takeaway order type[22m[39m
  [32;1m✓[39;22m[39m [2mcompany data is populated in pos component[22m[39m
  [32;1m✓[39;22m[39m [2morder total includes delivery charge[22m[39m

  [30;42;1m PASS [39;49;22m[39m Tests\Feature\PricingIntegrityTest[39m
  [32;1m✓[39;22m[39m [2mserver rejects forged pricing in order payload[22m[39m

  [30;42;1m PASS [39;49;22m[39m Tests\Feature\PrinterControllerTest[39m
  [32;1m✓[39;22m[39m [2madmin can create a printer[22m[39m
  [32;1m✓[39;22m[39m [2mindex returns only printers for the current branch[22m[39m
  [32;1m✓[39;22m[39m [2mtest print returns ok with null transport in testing[22m[39m
  [32;1m✓[39;22m[39m [2mupdate changes the station[22m[39m

  [30;42;1m PASS [39;49;22m[39m Tests\Feature\PrinterServiceTest[39m
  [32;1m✓[39;22m[39m [2mtest print returns true and captures escpos payload[22m[39m
  [32;1m✓[39;22m[39m [2mtest print embeds the printer name in payload[22m[39m
  [32;1m✓[39;22m[39m [2mopen drawer sends the cash drawer sequence[22m[39m
  [32;1m✓[39;22m[39m [2msend raw returns false when transport fails[22m[39m
  [32;1m✓[39;22m[39m [2mprinter model is branch scoped[22m[39m
  [32;1m✓[39;22m[39m [2mline kv respects width chars[22m[39m
  [32;1m✓[39;22m[39m [2mselect code page emits esc t sequence[22m[39m
  [32;1m✓[39;22m[39m [2mencode for printer returns single byte string[22m[39m
  [32;1m✓[39;22m[39m [2mtest print injects codepage selection in payload[22m[39m

  [30;42;1m PASS [39;49;22m[39m Tests\Feature\RepairMultiVariationFixturesSeederTest[39m
  [32;1m✓[39;22m[39m [2mdry run does not mutate db[22m[39m
  [32;1m✓[39;22m[39m [2mdry run writes audit report[22m[39m
  [32;1m✓[39;22m[39m [2mforce with empty rules does not mutate db[22m[39m

  [30;42;1m PASS [39;49;22m[39m Tests\Feature\Requests\ItemCategoryRequestTest[39m
  [32;1m✓[39;22m[39m [2maccepts hierarchy and channels[22m[39m

  [30;42;1m PASS [39;49;22m[39m Tests\Feature\Requests\ItemRequestTest[39m
  [32;1m✓[39;22m[39m [2maccepts all kiosk flags[22m[39m

  [30;42;1m PASS [39;49;22m[39m Tests\Feature\Routes\MenuControllerRateLimitTest[39m
  [32;1m✓[39;22m[39m [2mmenu uses kiosk menu rate limit[22m[39m
  [32;1m✓[39;22m[39m [2mlimit exceeded returns 429[22m[39m

  [30;42;1m PASS [39;49;22m[39m Tests\Feature\Security\CorsTest[39m
  [32;1m✓[39;22m[39m [2mcors config does not contain wildcard[22m[39m
  [32;1m✓[39;22m[39m [2mcors allows credentials only with specific origins[22m[39m
  [32;1m✓[39;22m[39m [2mcors preflight rejects unknown origin[22m[39m
  [32;1m✓[39;22m[39m [2mcors preflight allows app url origin[22m[39m

  [30;42;1m PASS [39;49;22m[39m Tests\Feature\Security\RateLimitTest[39m
  [32;1m✓[39;22m[39m [2madmin mutation rate limit returns 429[22m[39m
  [32;1m✓[39;22m[39m [2mlogin rate limit[22m[39m
  [32;1m✓[39;22m[39m [2mlogin lockout limiter respects auth config override[22m[39m
  [32;1m✓[39;22m[39m [2mlogin lockout env example documents prod safe defaults[22m[39m

  [30;42;1m PASS [39;49;22m[39m Tests\Feature\SecurityComprehensiveTest[39m
  [32;1m✓[39;22m[39m [2mkiosk cannot access admin dashboard[22m[39m
  [32;1m✓[39;22m[39m [2mkiosk cannot delete branch[22m[39m
  [32;1m✓[39;22m[39m [2mkiosk cannot create item[22m[39m
  [32;1m✓[39;22m[39m [2mkiosk cannot edit item price[22m[39m
  [32;1m✓[39;22m[39m [2mcustomer cannot access admin routes[22m[39m
  [32;1m✓[39;22m[39m [2mchef cannot see other branch orders[22m[39m
  [32;1m✓[39;22m[39m [2mpos recalculates prices server side[22m[39m
  [32;1m✓[39;22m[39m [2minvalid status transition is rejected[22m[39m
  [32;1m✓[39;22m[39m [2madmin routes require api key[22m[39m
  [32;1m✓[39;22m[39m [2mrevoked token is rejected[22m[39m

  [30;42;1m PASS [39;49;22m[39m Tests\Feature\Seeders\RolePermissionSeederTest[39m
  [32;1m✓[39;22m[39m [2mbranch manager receives expected permissions[22m[39m
  [32;1m✓[39;22m[39m [2mpos operator receives expected permissions[22m[39m
  [32;1m✓[39;22m[39m [2mchef receives expected permissions[22m[39m

  [30;42;1m PASS [39;49;22m[39m Tests\Feature\Services\ItemCategoryHierarchyTest[39m
  [32;1m✓[39;22m[39m [2mdepth 2 enforced[22m[39m

  [30;42;1m PASS [39;49;22m[39m Tests\Feature\Services\Menu\MenuProjectionServiceTest[39m
  [32;1m✓[39;22m[39m [2munsupported channel is rejected[22m[39m
  [32;1m✓[39;22m[39m [2menvelope shape is contract stable[22m[39m
  [32;1m✓[39;22m[39m [2mnull channels means item visible everywhere[22m[39m
  [32;1m✓[39;22m[39m [2mkiosk only item is hidden on pos[22m[39m
  [32;1m✓[39;22m[39m [2mpos only category is hidden on kiosk[22m[39m
  [32;1m✓[39;22m[39m [2mkiosk label overrides name only on kiosk[22m[39m
  [32;1m✓[39;22m[39m [2mchannel specific sort is applied[22m[39m
  [32;1m✓[39;22m[39m [2mavailability row marks item unavailable[22m[39m
  [32;1m✓[39;22m[39m [2mabsent availability row defaults to available[22m[39m
  [32;1m✓[39;22m[39m [2mavailability is scoped to the requested branch[22m[39m
  [32;1m✓[39;22m[39m [2mkiosk emoji is exposed only on kiosk[22m[39m
  [32;1m✓[39;22m[39m [2mallergen flags are passed through[22m[39m
  [32;1m✓[39;22m[39m [2msnapshot version is returned and monotonic[22m[39m

  [30;42;1m PASS [39;49;22m[39m Tests\Feature\Services\Pricing\PricingServiceMultiQtyTest[39m
  [32;1m✓[39;22m[39m [2mlegacy single variation no quantity yields baseline price[22m[39m
  [32;1m✓[39;22m[39m [2mlegacy single variation with explicit quantity one is identical[22m[39m
  [32;1m✓[39;22m[39m [2mfour same meats allow repeat true[22m[39m
  [32;1m✓[39;22m[39m [2mtwo plus two mixed meats[22m[39m
  [32;1m✓[39;22m[39m [2mthree plus one mixed[22m[39m
  [32;1m✓[39;22m[39m [2mviolation max select returns 422[22m[39m
  [32;1m✓[39;22m[39m [2mviolation min select returns 422[22m[39m
  [32;1m✓[39;22m[39m [2mviolation allow repeat false[22m[39m
  [32;1m✓[39;22m[39m [2mextras with quantity field multiplies price[22m[39m
  [32;1m✓[39;22m[39m [2mssot path emits composition snapshot in insert rows[22m[39m
  [32;1m✓[39;22m[39m [2mssot snapshot includes attribute name and extras[22m[39m
  [32;1m✓[39;22m[39m [2mssot legacy payload without quantity still emits snapshot[22m[39m

  [30;42;1m PASS [39;49;22m[39m Tests\Feature\Services\Pricing\PricingServiceTest[39m
  [32;1m✓[39;22m[39m [2mempty cart produces zero everywhere[22m[39m
  [32;1m✓[39;22m[39m [2msingle line pos rounds totals and tax[22m[39m
  [32;1m✓[39;22m[39m [2msingle line web does not round[22m[39m
  [32;1m✓[39;22m[39m [2mzero priced item is valid[22m[39m
  [32;1m✓[39;22m[39m [2mquantity is clamped to minimum one[22m[39m
  [32;1m✓[39;22m[39m [2mmulti line same tax sums correctly[22m[39m
  [32;1m✓[39;22m[39m [2mmulti line mixed tax accumulates per line[22m[39m
  [32;1m✓[39;22m[39m [2mvariation price adds to unit[22m[39m
  [32;1m✓[39;22m[39m [2mextra price adds to unit[22m[39m
  [32;1m✓[39;22m[39m [2mcross item variation rejected when guards on[22m[39m
  [32;1m✓[39;22m[39m [2mcross item extra rejected when guards on[22m[39m
  [32;1m✓[39;22m[39m [2mcross item variation rejected for web when guards on[22m[39m
  [32;1m✓[39;22m[39m [2munknown item id is rejected[22m[39m
  [32;1m✓[39;22m[39m [2munknown variation is rejected[22m[39m
  [32;1m✓[39;22m[39m [2mmanual discount applied in pos context[22m[39m
  [32;1m✓[39;22m[39m [2mmanual discount ignored in web context[22m[39m
  [32;1m✓[39;22m[39m [2mmanual discount greater than subtotal becomes zero[22m[39m
  [32;1m✓[39;22m[39m [2mcoupon discount takes precedence over manual[22m[39m
  [32;1m✓[39;22m[39m [2mdelivery charge added to total after tax[22m[39m
  [32;1m✓[39;22m[39m [2mtotal never goes negative even if discount exceeds subtotal plus tax[22m[39m
  [32;1m✓[39;22m[39m [2minsert rows contain branch id and order id[22m[39m

  [30;42;1m PASS [39;49;22m[39m Tests\Feature\StaffOnlyRoutingTest[39m
  [32;1m✓[39;22m[39m [2mstaff only mode flag is defined[22m[39m
  [32;1m✓[39;22m[39m [2mkiosk use pos wizard flag is defined[22m[39m
  [32;1m✓[39;22m[39m [2mkiosk credentials defined[22m[39m
  [32;1m✓[39;22m[39m [2mmix pusher credentials defined for echo client[22m[39m
  [32;1m✓[39;22m[39m [2mkiosk config loads auto login payload[22m[39m

  [30;42;1m PASS [39;49;22m[39m Tests\Feature\SyncComprehensiveTest[39m
  [32;1m✓[39;22m[39m [2mkiosk order appears in kds[22m[39m
  [32;1m✓[39;22m[39m [2mpos order appears in kds[22m[39m
  [32;1m✓[39;22m[39m [2mkds status change reflected in oss[22m[39m
  [32;1m✓[39;22m[39m [2mtable order appears in kds[22m[39m
  [32;1m✓[39;22m[39m [2mpos order updates dashboard counters[22m[39m
  [32;1m✓[39;22m[39m [2mend to end order consistency[22m[39m

  [30;42;1m PASS [39;49;22m[39m Tests\Feature\TableOrderNegativeTotalTest[39m
  [32;1m✓[39;22m[39m [2mtable dining order rejects negative total[22m[39m
  [32;1m✓[39;22m[39m [2mtable dining order rejects negative subtotal[22m[39m
  [32;1m✓[39;22m[39m [2mtable dining order rejects negative discount[22m[39m

  [30;42;1m PASS [39;49;22m[39m Tests\Feature\TableOrderSecurityTest[39m
  [32;1m✓[39;22m[39m [2mfake price in table order is ignored[22m[39m

  [30;42;1m PASS [39;49;22m[39m Tests\Feature\UpsellApiTest[39m
  [32;1m✓[39;22m[39m [2mitem upsell returns data[22m[39m

  [37;1mTests:  [39;22m[33;1m8 skipped[39;22m[39m, [39m[32;1m848 passed[39;22m
  [37;1mTime:   [39;22m[39m134.44s[39m


[post-execute] tests: PASSED
[post-execute] lint: SKIPPED — no lint script in package.json
[post-execute] playwright: SKIPPED — aucune stratégie playwright déclarée dans le plan
[post-execute] done — invoke Composer validate phase next

============================================================
TASK_ID: T-LOOP-HELPER-001
PHASE: EXECUTE→VALIDATE→AUDIT
DATE: 2026-04-23
EXECUTE_DELEGATION: codex-terminal
EXECUTE_MODEL: gpt-5.4
ROUNDS: 3 (initial + R1 contract-drift + R2 message-drift + R3 PASSED)
TESTS: vitest tests/js/posCentsArith.spec.js → 12/12 PASSED (391ms)
INVARIANTS_CONSIDERED: pricing_ssot
SUBSYSTEMS_TOUCHED: resources/js/helpers/, tests/js/
AUDIT_CHANNEL: cursor-session (claude-terminal optional second pass)
AUDIT_CHANNEL: claude-terminal (verified, exit 0)
AUDIT_VERDICT: CLOSED
AUDIT_NOTES:
  - invariants OK (pricing SSOT, no OrderStatus string, no branch_id, no dispatch)
  - scope drift mineur: toCents ajouté en plus des 3 helpers initialement listés (acceptable, signalé dans audit Claude)
  - tests 12/12 PASSED — couverture suffisante pour le périmètre
  - trace EXECUTE_DELEGATION conforme au contrat docs/orchestration/CODEX_API_DELEGATION.md §10
============================================================

================================================================
TASK_ID: T-LOOP-FORMAT-CENTS-001
DATE: 2026-04-23
EXECUTE_DELEGATION: codex-terminal
EXECUTE_MODEL: gpt-5.4
EXECUTE_DURATION_MS: 63605
ROUNDS: 1
TESTS: tests/js/posFormatCents.spec.js → 12/12 PASSED
TESTS_FULL_SUITE: 96 files, 749/749 PASSED (no regression)
INVARIANTS_CONSIDERED: pricing_ssot
SCOPE_RESERVED: resources/js/helpers/posFormatCents.js,tests/js/posFormatCents.spec.js
SCOPE_REFUSED_COLLISIONS: 0
================================================================
================================================================
DATE: 2026-04-24 — CLAUDE TERMINAL AUDIT (stand-alone, procédure)
AUDIT_CHANNEL: claude-terminal
TERMINAL_AUDIT_OK: 1
FOODKING_CLAUDE_ORCHESTRATE: context + audit (custom prompt, exit 0)
DURATION_WALL_MS: 78813
REPORT: reports/execution/RUN_CLAUDE_TERMINAL_AUDIT_2026-04-24.md
VERDICT_CLAUDE: CONDITIONAL (rémédiation run-cycle+routing appliquée post-run — voir rapport)
================================================================
================================================================
DATE: 2026-04-24 — TEST + VALIDATION claude (terminal) model=opus
VERIFY_BILLING_FULL=1: verify-orchestration-boucle => ALL_GREEN (claude + codex)
claude -p --model opus: VALIDE POUR CYCLE, exit 0, ~33s
REPORT: reports/execution/RUN_TERMINAL_OPUS_VALIDATION_2026-04-24.md
================================================================

=== T-PARCOURS-OPTIMIZE-001 (2026-04-24) ===
EXECUTE_DELEGATION: cursor-direct (M1: split .cursor/ACTIVE_CYCLE.md → ACTIVE_CYCLE_ARCHIVE.md, déterministe)
EXECUTE_DELEGATION: codex-terminal (M2: Quick start contract en tête de AGENTS.md, modèle gpt-5.4, 1 round, ~50s)
AUDIT_CHANNEL: claude-terminal
TERMINAL_AUDIT_OK: 1
VERDICT: PASS (zéro issue, zéro recommandation)
GAINS_TOKENS: -10 935 (ACTIVE_CYCLE) ; +index intelligent AGENTS.md §0 Quick start
REPORT: reports/execution/RUN_T-PARCOURS-OPTIMIZE-001_2026-04-24.md

=== REMEDIATION SSOT 2026-04-24 (zero negative) ===
ACTIVE_CYCLE: ajout en-tete RUNNER_MODE + PLAN_FILE + REPORT_FILE (align run-cycle Step 0 + AGENTS — suite split archive T-PARCOURS-OPTIMIZE-001; check-active-cycle: OK 1x IN_PROGRESS)
2026-04-24T01:21:28+02:00 EXECUTE_DELEGATION: cursor-composer (P1 2.I closure + a11y + tests) | AUDIT: claude_code_cli reports/audit/AUDIT_LOT_2I_2026-04-24.md | tests: 811 vitest 936 phpunit 6/6 invariants

--- T-LOT-2ABD-2026-04-24 ---
EXECUTE_DELEGATION: cursor-composer (direct; no codex mission)
P2 2.A: tests/js/posOrderIdempotency.spec.js (X-Idempotency-Key + mock appService)
P2 2.D: ReceiptComponent toasts 403/404/409 + pos.receipt_print_*
P2 2.B: KioskPaymentComponent tpe_stuck_help + i18n fr/en/ar
check-invariants: 6/6
vitest: 112 files 813 passed

--- T-LOT-2FGH-2026-04-24 ---
EXECUTE_DELEGATION: cursor-composer (direct)
2.F: kdsStationFilterStorageKey + KDS per-user localStorage + migration
2.G: Kernel schedule pos:purge-parked-orders daily 03:15 + PosPurgeParkedScheduleTest
2.H: KioskPayment submitting through TPE/cash, processing v-if !tpeWaiting
check-invariants 6/6, vitest 814, phpunit spot + suite relevant

--- T-LOT-2CEJ-2026-04-24 ---
EXECUTE_DELEGATION: cursor-composer (direct)
2.C: kdsDisplay throttle + KDS playKdsNewOrderSound
2.E: KioskLoyalty axios timeout 25s + i18n request_timeout
2.J: DiningTableService::tryReleaseTableAfterPosOrderPaid + OrderService after pos store
PHPFeat: DiningTableReleaseAfterPosOrderTest; vitest +1; check-invariants 6/6
