locale,key,first_seen_in_file
fr,admin.product_wizard.finish,resources/js/components/admin/items/wizard/ProductCreateWizardComponent.vue
fr,admin.product_wizard.progress,resources/js/components/admin/items/wizard/ProductCreateWizardComponent.vue
fr,admin.product_wizard.subtitle,resources/js/components/admin/items/wizard/ProductCreateWizardComponent.vue
fr,admin.product_wizard.title,resources/js/components/admin/items/wizard/ProductCreateWizardComponent.vue
fr,error.something_wrong,resources/js/components/admin/items/CatalogStudioComponent.vue
fr,label.,resources/js/components/admin/onlineOrders/OnlineOrderReceiptComponent.vue
fr,label.activate,resources/js/components/admin/coupons/CouponListComponent.vue
fr,label.cash_mvt_,resources/js/components/admin/cash/PosCashDrawerSessionDialog.vue
fr,label.cash_status_,resources/js/components/admin/cashSessionReport/CashSessionReportListComponent.vue
fr,label.channel_,resources/js/components/admin/items/ItemCreateComponent.vue
fr,label.composer.edit_options,resources/js/components/admin/items/composer/ProductComposerEditorComponent.vue
fr,label.composer.edit_personal_page,resources/js/components/admin/items/composer/ProductComposerEditorComponent.vue
fr,label.composer.update_page,resources/js/components/admin/items/composer/ProductComposerEditorComponent.vue
fr,label.deactivate,resources/js/components/admin/coupons/CouponListComponent.vue
fr,label.error,resources/js/components/admin/onlineOrders/OnlineOrderShowComponent.vue
fr,menu.,resources/js/components/admin/components/BreadcrumbComponent.vue
fr,message.composer.personal_page_load_failed,resources/js/components/admin/items/composer/ProductComposerEditorComponent.vue
fr,message.composer.personal_page_updated,resources/js/components/admin/items/composer/ProductComposerEditorComponent.vue
fr,pos.tracker.source_,resources/js/components/admin/pos/PosOrdersTrackerComponent.vue
en,admin.product_wizard.finish,resources/js/components/admin/items/wizard/ProductCreateWizardComponent.vue
en,admin.product_wizard.progress,resources/js/components/admin/items/wizard/ProductCreateWizardComponent.vue
en,admin.product_wizard.subtitle,resources/js/components/admin/items/wizard/ProductCreateWizardComponent.vue
en,admin.product_wizard.title,resources/js/components/admin/items/wizard/ProductCreateWizardComponent.vue
en,admin.stock_mgmt.empty_search,resources/js/components/admin/stock/StockRuptureDashboardComponent.vue
en,admin.stock_mgmt.rail_ruptures,resources/js/components/admin/stock/StockRuptureDashboardComponent.vue
en,button.reset_filters,resources/js/components/admin/cashOverview/CashOverviewComponent.vue
en,kiosk.consent.privacy_body,resources/js/components/frontend/kiosk/ds/KsConsentModal.vue
en,kiosk.error.network.staff_ack,resources/js/components/frontend/kiosk/KioskErrorNetworkComponent.vue
en,kiosk.max_quantity_reached,resources/js/components/frontend/kiosk/KioskCartComponent.vue
en,kiosk.offline_queue.auto_return,resources/js/components/frontend/kiosk/KioskWaitingComponent.vue
en,kiosk.pay_screen.counter_route_confirm_btn,resources/js/components/frontend/kiosk/KioskPaymentComponent.vue
en,kiosk.pay_screen.counter_route_processing,resources/js/components/frontend/kiosk/KioskPaymentComponent.vue
en,kiosk.pay_screen.counter_route_sub,resources/js/components/frontend/kiosk/KioskPaymentComponent.vue
en,kiosk.pay_screen.counter_route_title,resources/js/components/frontend/kiosk/KioskPaymentComponent.vue
en,kiosk.promo.applied,resources/js/components/frontend/kiosk/KioskCartComponent.vue
en,kiosk.promo.apply,resources/js/components/frontend/kiosk/KioskCartComponent.vue
en,kiosk.promo.label,resources/js/components/frontend/kiosk/KioskCartComponent.vue
en,kiosk.promo.loading,resources/js/components/frontend/kiosk/KioskCartComponent.vue
en,kiosk.promo.placeholder,resources/js/components/frontend/kiosk/KioskCartComponent.vue
en,kiosk.promo.remove,resources/js/components/frontend/kiosk/KioskCartComponent.vue
en,kiosk.unavailable_items_pruned,resources/js/components/frontend/kiosk/KioskCartComponent.vue
en,kiosk.wizard.generic.step_fallback,resources/js/components/frontend/kiosk/KioskWizardComponent.vue
en,label.,resources/js/components/admin/onlineOrders/OnlineOrderReceiptComponent.vue
en,label.activate,resources/js/components/admin/coupons/CouponListComponent.vue
en,label.all_methods,resources/js/components/admin/cashOverview/CashOverviewComponent.vue
en,label.all_sources,resources/js/components/admin/cashOverview/CashOverviewComponent.vue
en,label.archived,resources/js/components/admin/settings/PaymentTerminals/PaymentTerminalsComponent.vue
en,label.base_ht,resources/js/components/admin/pos/ReceiptComponent.vue
en,label.breakdown_by_method,resources/js/components/admin/cashOverview/CashOverviewComponent.vue
en,label.cash_drawer_reconciliation,resources/js/components/admin/cashOverview/CashOverviewComponent.vue
en,label.cash_in,resources/js/components/admin/cash/PosCashDrawerSessionDialog.vue
en,label.cash_mvt_,resources/js/components/admin/cash/PosCashDrawerSessionDialog.vue
en,label.cash_out,resources/js/components/admin/cash/PosCashDrawerSessionDialog.vue
en,label.cash_overview_capped_notice,resources/js/components/admin/cashOverview/CashOverviewComponent.vue
en,label.cash_overview_empty_copy,resources/js/components/admin/cashOverview/CashOverviewComponent.vue
en,label.cash_session_active,resources/js/components/admin/cash/PosCashDrawerSessionDialog.vue
en,label.cash_session_back,resources/js/components/admin/cash/PosCashDrawerSessionDialog.vue
en,label.cash_session_close,resources/js/components/admin/cash/PosCashDrawerSessionDialog.vue
en,label.cash_session_closing_amount,resources/js/components/admin/cash/PosCashDrawerSessionDialog.vue
en,label.cash_session_confirm_close,resources/js/components/admin/cash/PosCashDrawerSessionDialog.vue
en,label.cash_session_dialog_title,resources/js/components/admin/cash/PosCashDrawerSessionDialog.vue
en,label.cash_session_expected_amount,resources/js/components/admin/cash/PosCashDrawerSessionDialog.vue
en,label.cash_session_failure,resources/js/components/admin/cash/PosCashDrawerSessionDialog.vue
en,label.cash_session_header_btn,resources/js/components/admin/cash/PosCashDrawerSessionDialog.vue
en,label.cash_session_movements,resources/js/components/admin/cash/PosCashDrawerSessionDialog.vue
en,label.cash_session_movements_count,resources/js/components/admin/cash/PosCashDrawerSessionDialog.vue
en,label.cash_session_no_movements,resources/js/components/admin/cash/PosCashDrawerSessionDialog.vue
en,label.cash_session_no_session,resources/js/components/admin/cash/PosCashDrawerSessionDialog.vue
en,label.cash_session_open,resources/js/components/admin/cash/PosCashDrawerSessionDialog.vue
en,label.cash_session_opened_at,resources/js/components/admin/cash/PosCashDrawerSessionDialog.vue
en,label.cash_session_opening_amount,resources/js/components/admin/cash/PosCashDrawerSessionDialog.vue
en,label.cash_session_required_reason,resources/js/components/admin/cash/PosCashDrawerSessionDialog.vue
en,label.cash_session_variance,resources/js/components/admin/cash/PosCashDrawerSessionDialog.vue
en,label.cash_session_variance_reason,resources/js/components/admin/cash/PosCashDrawerSessionDialog.vue
en,label.cash_session_view_movements,resources/js/components/admin/cash/PosCashDrawerSessionDialog.vue
en,label.cash_status_,resources/js/components/admin/cashSessionReport/CashSessionReportListComponent.vue
en,label.cashier,resources/js/components/admin/cashSessionReport/CashSessionReportListComponent.vue
en,label.channel_,resources/js/components/admin/items/ItemCreateComponent.vue
en,label.client_borne,resources/js/components/admin/encaissement/EncaissementComponent.vue
en,label.closed_at,resources/js/components/admin/cashSessionReport/CashSessionReportListComponent.vue
en,label.closing_amount,resources/js/components/admin/cashSessionReport/CashSessionReportListComponent.vue
en,label.closing_total,resources/js/components/admin/cashSessionReport/CashSessionReportListComponent.vue
en,label.composer.add_personal_page,resources/js/components/admin/items/composer/ProductComposerEditorComponent.vue
en,label.composer.addon_role,resources/js/components/admin/items/composer/ComposerStepFormPanel.vue
en,label.composer.addon_role_dessert,resources/js/components/admin/items/composer/ComposerStepFormPanel.vue
en,label.composer.addon_role_drink,resources/js/components/admin/items/composer/ComposerStepFormPanel.vue
en,label.composer.addon_role_help,resources/js/components/admin/items/composer/ComposerStepFormPanel.vue
en,label.composer.addon_role_menu_component,resources/js/components/admin/items/composer/ComposerStepFormPanel.vue
en,label.composer.addon_role_none,resources/js/components/admin/items/composer/ComposerStepFormPanel.vue
en,label.composer.addon_role_side,resources/js/components/admin/items/composer/ComposerStepFormPanel.vue
en,label.composer.addon_role_upsell,resources/js/components/admin/items/composer/ComposerStepFormPanel.vue
en,label.composer.allow_repeat,resources/js/components/admin/items/composer/ComposerStepFormPanel.vue
en,label.composer.allow_repeat_help,resources/js/components/admin/items/composer/ComposerStepFormPanel.vue
en,label.composer.allow_repeat_state_off,resources/js/components/admin/items/composer/ComposerStepFormPanel.vue
en,label.composer.allow_repeat_state_on,resources/js/components/admin/items/composer/ComposerStepFormPanel.vue
en,label.composer.allow_repeat_summary,resources/js/components/admin/items/composer/ComposerStepFormPanel.vue
en,label.composer.create_page,resources/js/components/admin/items/composer/ProductComposerEditorComponent.vue
en,label.composer.edit_options,resources/js/components/admin/items/composer/ProductComposerEditorComponent.vue
en,label.composer.edit_personal_page,resources/js/components/admin/items/composer/ProductComposerEditorComponent.vue
en,label.composer.personal_page_add_option,resources/js/components/admin/items/composer/ProductComposerEditorComponent.vue
en,label.composer.personal_page_label,resources/js/components/admin/items/composer/ProductComposerEditorComponent.vue
en,label.composer.personal_page_label_placeholder,resources/js/components/admin/items/composer/ProductComposerEditorComponent.vue
en,label.composer.personal_page_option_description,resources/js/components/admin/items/composer/ProductComposerEditorComponent.vue
en,label.composer.personal_page_option_name,resources/js/components/admin/items/composer/ProductComposerEditorComponent.vue
en,label.composer.personal_page_option_price,resources/js/components/admin/items/composer/ProductComposerEditorComponent.vue
en,label.composer.personal_page_options,resources/js/components/admin/items/composer/ProductComposerEditorComponent.vue
en,label.composer.update_page,resources/js/components/admin/items/composer/ProductComposerEditorComponent.vue
en,label.composer.visible_kiosk,resources/js/components/admin/items/composer/ProductComposerEditorComponent.vue
en,label.composer.visible_pos,resources/js/components/admin/items/composer/ProductComposerEditorComponent.vue
en,label.deactivate,resources/js/components/admin/coupons/CouponListComponent.vue
en,label.drawer_opened_at,resources/js/components/admin/cashOverview/CashOverviewComponent.vue
en,label.encaisser_total_pending,resources/js/components/admin/encaissement/EncaissementComponent.vue
en,label.encaisser_wait_title,resources/js/components/admin/encaissement/EncaissementComponent.vue
en,label.error,resources/js/components/admin/onlineOrders/OnlineOrderShowComponent.vue
en,label.fee_fixed,resources/js/components/admin/settings/PaymentTerminals/PaymentTerminalsComponent.vue
en,label.fee_percent,resources/js/components/admin/settings/PaymentTerminals/PaymentTerminalsComponent.vue
en,label.gateway,resources/js/components/admin/settings/PaymentTerminals/PaymentTerminalsComponent.vue
en,label.grand_total,resources/js/components/admin/cashOverview/CashOverviewComponent.vue
en,label.has_menu,resources/js/components/admin/settings/ItemCategory/ItemCategoryCreateComponent.vue
en,label.ingredient.usage_none,resources/js/components/admin/ingredients/IngredientListComponent.vue
en,label.mode_card,resources/js/components/admin/cashOverview/CashOverviewComponent.vue
en,label.mode_cash,resources/js/components/admin/cashOverview/CashOverviewComponent.vue
en,label.mode_mobile,resources/js/components/admin/cashOverview/CashOverviewComponent.vue
en,label.mode_other,resources/js/components/admin/cashOverview/CashOverviewComponent.vue
en,label.mode_ticket,resources/js/components/admin/cashOverview/CashOverviewComponent.vue
en,label.no_data,resources/js/components/admin/settings/PaymentTerminals/PaymentTerminalsComponent.vue
en,label.no_data_available,resources/js/components/admin/cashSessionReport/CashSessionReportListComponent.vue
en,label.opened_at,resources/js/components/admin/cashSessionReport/CashSessionReportListComponent.vue
en,label.opening_amount,resources/js/components/admin/cashOverview/CashOverviewComponent.vue
en,label.opening_total,resources/js/components/admin/cashSessionReport/CashSessionReportListComponent.vue
en,label.order_number,resources/js/components/admin/cashOverview/CashOverviewComponent.vue
en,label.oss_connection_slow,resources/js/components/admin/orderStatusScreen/PreparingAndReadyComponent.vue
en,label.oss_no_orders,resources/js/components/admin/orderStatusScreen/PreparingAndReadyComponent.vue
en,label.pos_shortcut_cash_empty,resources/js/components/admin/pos/PosComponent.vue
en,label.pos_shortcut_last_refresh_min,resources/js/components/admin/pos/PosComponent.vue
en,label.pos_shortcut_last_refresh_now,resources/js/components/admin/pos/PosComponent.vue
en,label.pos_shortcut_last_refresh_sec,resources/js/components/admin/pos/PosComponent.vue
en,label.pos_shortcut_ready_empty,resources/js/components/admin/pos/PosComponent.vue
en,label.remboursement,resources/js/components/admin/pos/ReceiptRemboursementMarker.vue
en,label.serial_number,resources/js/components/admin/settings/PaymentTerminals/PaymentTerminalsComponent.vue
en,label.session_id,resources/js/components/admin/cashSessionReport/CashSessionReportListComponent.vue
en,label.sessions,resources/js/components/admin/cashSessionReport/CashSessionReportListComponent.vue
en,label.sla_old_tickets,resources/js/components/admin/dashboard/SlaAlertsComponent.vue
en,label.source_borne,resources/js/components/admin/cashOverview/CashOverviewComponent.vue
en,label.source_caisse,resources/js/components/admin/cashOverview/CashOverviewComponent.vue
en,label.source_livreur,resources/js/components/admin/cashOverview/CashOverviewComponent.vue
en,label.time,resources/js/components/admin/cashOverview/CashOverviewComponent.vue
en,label.total_orders_lifetime,resources/js/components/admin/dashboard/OverviewComponent.vue
en,label.total_sales_lifetime,resources/js/components/admin/dashboard/OverviewComponent.vue
en,label.transactions_short,resources/js/components/admin/cashOverview/CashOverviewComponent.vue
en,label.variance,resources/js/components/admin/cashSessionReport/CashSessionReportListComponent.vue
en,label.view_z_reports,resources/js/components/admin/dashboard/LastZReportWidget.vue
en,label.wizard_template,resources/js/components/admin/settings/ItemCategory/ItemCategoryCreateComponent.vue
en,menu.,resources/js/components/admin/components/BreadcrumbComponent.vue
en,menu.cash_sessions_report,resources/js/components/admin/cashSessionReport/CashSessionReportListComponent.vue
en,menu.payment_terminals,resources/js/components/admin/settings/PaymentTerminals/PaymentTerminalsComponent.vue
en,message.branch_required,resources/js/components/admin/pos/PosComponent.vue
en,message.cart_is_empty,resources/js/components/admin/pos/PosComponent.vue
en,message.cart_reset,resources/js/components/admin/pos/PosComponent.vue
en,message.cart_restored,resources/js/components/admin/pos/PosComponent.vue
en,message.composer.category_publish_warning,resources/js/components/admin/items/composer/ProductComposerEditorComponent.vue
en,message.composer.personal_page_created,resources/js/components/admin/items/composer/ProductComposerEditorComponent.vue
en,message.composer.personal_page_failed,resources/js/components/admin/items/composer/ProductComposerEditorComponent.vue
en,message.composer.personal_page_hint,resources/js/components/admin/items/composer/ProductComposerEditorComponent.vue
en,message.composer.personal_page_label_required,resources/js/components/admin/items/composer/ProductComposerEditorComponent.vue
en,message.composer.personal_page_load_failed,resources/js/components/admin/items/composer/ProductComposerEditorComponent.vue
en,message.composer.personal_page_no_profile,resources/js/components/admin/items/composer/ProductComposerEditorComponent.vue
en,message.composer.personal_page_option_name_required,resources/js/components/admin/items/composer/ProductComposerEditorComponent.vue
en,message.composer.personal_page_updated,resources/js/components/admin/items/composer/ProductComposerEditorComponent.vue
en,message.composer.personal_page_validation_error,resources/js/components/admin/items/composer/ProductComposerEditorComponent.vue
en,message.discount_reason_required,resources/js/components/admin/pos/PosComponent.vue
en,message.something_went_wrong,resources/js/components/admin/items/variation/ItemVariationListComponent.vue
en,message.something_wrong,resources/js/components/admin/kitchenDisplaySystem/KitchenDisplaySystemComponent.vue
en,message.zone_required,resources/js/components/admin/settings/Branch/BranchShowComponent.vue
en,pos.park_restore_partial,resources/js/components/admin/pos/ParkedOrdersComponent.vue
en,pos.tracker.source_,resources/js/components/admin/pos/PosOrdersTrackerComponent.vue
en,ws_session_invalid_action,resources/js/components/common/ConnectionStatusBanner.vue
en,ws_session_invalid_text,resources/js/components/common/ConnectionStatusBanner.vue
ar,admin.observability_outbox.attempts,resources/js/components/admin/observability/OutboxOverviewComponent.vue
ar,admin.observability_outbox.available,resources/js/components/admin/observability/OutboxOverviewComponent.vue
ar,admin.observability_outbox.branch_id,resources/js/components/admin/observability/OutboxOverviewComponent.vue
ar,admin.observability_outbox.count,resources/js/components/admin/observability/OutboxOverviewComponent.vue
ar,admin.observability_outbox.created_at,resources/js/components/admin/observability/OutboxOverviewComponent.vue
ar,admin.observability_outbox.dispatched_24h,resources/js/components/admin/observability/OutboxOverviewComponent.vue
ar,admin.observability_outbox.down,resources/js/components/admin/observability/OutboxOverviewComponent.vue
ar,admin.observability_outbox.drain_failed,resources/js/components/admin/observability/OutboxOverviewComponent.vue
ar,admin.observability_outbox.event_type,resources/js/components/admin/observability/OutboxOverviewComponent.vue
ar,admin.observability_outbox.exception,resources/js/components/admin/observability/OutboxOverviewComponent.vue
ar,admin.observability_outbox.failed_at,resources/js/components/admin/observability/OutboxOverviewComponent.vue
ar,admin.observability_outbox.failed_jobs,resources/js/components/admin/observability/OutboxOverviewComponent.vue
ar,admin.observability_outbox.generated_at,resources/js/components/admin/observability/OutboxOverviewComponent.vue
ar,admin.observability_outbox.last_error,resources/js/components/admin/observability/OutboxOverviewComponent.vue
ar,admin.observability_outbox.last_signal,resources/js/components/admin/observability/OutboxOverviewComponent.vue
ar,admin.observability_outbox.no_failed_jobs,resources/js/components/admin/observability/OutboxOverviewComponent.vue
ar,admin.observability_outbox.no_pending,resources/js/components/admin/observability/OutboxOverviewComponent.vue
ar,admin.observability_outbox.no_signal,resources/js/components/admin/observability/OutboxOverviewComponent.vue
ar,admin.observability_outbox.oldest_age,resources/js/components/admin/observability/OutboxOverviewComponent.vue
ar,admin.observability_outbox.pending,resources/js/components/admin/observability/OutboxOverviewComponent.vue
ar,admin.observability_outbox.queue,resources/js/components/admin/observability/OutboxOverviewComponent.vue
ar,admin.observability_outbox.queue_high,resources/js/components/admin/observability/OutboxOverviewComponent.vue
ar,admin.observability_outbox.refresh,resources/js/components/admin/observability/OutboxOverviewComponent.vue
ar,admin.observability_outbox.retry_failed,resources/js/components/admin/observability/OutboxOverviewComponent.vue
ar,admin.observability_outbox.samples,resources/js/components/admin/observability/OutboxOverviewComponent.vue
ar,admin.observability_outbox.subtitle,resources/js/components/admin/observability/OutboxOverviewComponent.vue
ar,admin.observability_outbox.title,resources/js/components/admin/observability/OutboxOverviewComponent.vue
ar,admin.observability_outbox.up,resources/js/components/admin/observability/OutboxOverviewComponent.vue
ar,admin.product_wizard.finish,resources/js/components/admin/items/wizard/ProductCreateWizardComponent.vue
ar,admin.product_wizard.progress,resources/js/components/admin/items/wizard/ProductCreateWizardComponent.vue
ar,admin.product_wizard.subtitle,resources/js/components/admin/items/wizard/ProductCreateWizardComponent.vue
ar,admin.product_wizard.title,resources/js/components/admin/items/wizard/ProductCreateWizardComponent.vue
ar,admin.stock_mgmt.empty_search,resources/js/components/admin/stock/StockRuptureDashboardComponent.vue
ar,admin.stock_mgmt.rail_ruptures,resources/js/components/admin/stock/StockRuptureDashboardComponent.vue
ar,button.reset_filters,resources/js/components/admin/cashOverview/CashOverviewComponent.vue
ar,kiosk.a11y.theme,resources/js/components/frontend/kiosk/ds/KsA11ySettings.vue
ar,kiosk.a11y.theme_aria,resources/js/components/frontend/kiosk/ds/KsA11ySettings.vue
ar,kiosk.a11y.theme_hint,resources/js/components/frontend/kiosk/ds/KsA11ySettings.vue
ar,kiosk.consent.privacy_body,resources/js/components/frontend/kiosk/ds/KsConsentModal.vue
ar,kiosk.error.network.staff_ack,resources/js/components/frontend/kiosk/KioskErrorNetworkComponent.vue
ar,kiosk.max_quantity_reached,resources/js/components/frontend/kiosk/KioskCartComponent.vue
ar,kiosk.offline_queue.auto_return,resources/js/components/frontend/kiosk/KioskWaitingComponent.vue
ar,kiosk.pay_screen.counter_route_confirm_btn,resources/js/components/frontend/kiosk/KioskPaymentComponent.vue
ar,kiosk.pay_screen.counter_route_processing,resources/js/components/frontend/kiosk/KioskPaymentComponent.vue
ar,kiosk.pay_screen.counter_route_sub,resources/js/components/frontend/kiosk/KioskPaymentComponent.vue
ar,kiosk.pay_screen.counter_route_title,resources/js/components/frontend/kiosk/KioskPaymentComponent.vue
ar,kiosk.promo.applied,resources/js/components/frontend/kiosk/KioskCartComponent.vue
ar,kiosk.promo.apply,resources/js/components/frontend/kiosk/KioskCartComponent.vue
ar,kiosk.promo.label,resources/js/components/frontend/kiosk/KioskCartComponent.vue
ar,kiosk.promo.loading,resources/js/components/frontend/kiosk/KioskCartComponent.vue
ar,kiosk.promo.placeholder,resources/js/components/frontend/kiosk/KioskCartComponent.vue
ar,kiosk.promo.remove,resources/js/components/frontend/kiosk/KioskCartComponent.vue
ar,kiosk.unavailable_items_pruned,resources/js/components/frontend/kiosk/KioskCartComponent.vue
ar,kiosk.wizard.generic.step_fallback,resources/js/components/frontend/kiosk/KioskWizardComponent.vue
ar,kiosk.wizard.supplement_decrease,resources/js/components/frontend/kiosk/steps/KioskStepSupplementsComponent.vue
ar,kiosk.wizard.supplement_increase,resources/js/components/frontend/kiosk/steps/KioskStepSupplementsComponent.vue
ar,kiosk.wizard.supplement_qty_label,resources/js/components/frontend/kiosk/steps/KioskStepSupplementsComponent.vue
ar,kiosk.wizard.tap_to_choose,resources/js/components/frontend/kiosk/steps/KioskStepSupplementsComponent.vue
ar,label.,resources/js/components/admin/onlineOrders/OnlineOrderReceiptComponent.vue
ar,label.activate,resources/js/components/admin/coupons/CouponListComponent.vue
ar,label.all_methods,resources/js/components/admin/cashOverview/CashOverviewComponent.vue
ar,label.all_sources,resources/js/components/admin/cashOverview/CashOverviewComponent.vue
ar,label.archived,resources/js/components/admin/settings/PaymentTerminals/PaymentTerminalsComponent.vue
ar,label.available,resources/js/components/admin/items/ItemPreviewComponent.vue
ar,label.base_ht,resources/js/components/admin/pos/ReceiptComponent.vue
ar,label.breakdown_by_method,resources/js/components/admin/cashOverview/CashOverviewComponent.vue
ar,label.cash_drawer_reconciliation,resources/js/components/admin/cashOverview/CashOverviewComponent.vue
ar,label.cash_in,resources/js/components/admin/cash/PosCashDrawerSessionDialog.vue
ar,label.cash_mvt_,resources/js/components/admin/cash/PosCashDrawerSessionDialog.vue
ar,label.cash_out,resources/js/components/admin/cash/PosCashDrawerSessionDialog.vue
ar,label.cash_overview_capped_notice,resources/js/components/admin/cashOverview/CashOverviewComponent.vue
ar,label.cash_overview_empty_copy,resources/js/components/admin/cashOverview/CashOverviewComponent.vue
ar,label.cash_session_active,resources/js/components/admin/cash/PosCashDrawerSessionDialog.vue
ar,label.cash_session_back,resources/js/components/admin/cash/PosCashDrawerSessionDialog.vue
ar,label.cash_session_close,resources/js/components/admin/cash/PosCashDrawerSessionDialog.vue
ar,label.cash_session_closed_at,resources/js/components/admin/deliveryBoyCashSession/DeliveryBoyCashSessionShowComponent.vue
ar,label.cash_session_closing_amount,resources/js/components/admin/cash/PosCashDrawerSessionDialog.vue
ar,label.cash_session_confirm_close,resources/js/components/admin/cash/PosCashDrawerSessionDialog.vue
ar,label.cash_session_dialog_title,resources/js/components/admin/cash/PosCashDrawerSessionDialog.vue
ar,label.cash_session_expected_amount,resources/js/components/admin/cash/PosCashDrawerSessionDialog.vue
ar,label.cash_session_failure,resources/js/components/admin/cash/PosCashDrawerSessionDialog.vue
ar,label.cash_session_header_btn,resources/js/components/admin/cash/PosCashDrawerSessionDialog.vue
ar,label.cash_session_movements,resources/js/components/admin/cash/PosCashDrawerSessionDialog.vue
ar,label.cash_session_movements_count,resources/js/components/admin/cash/PosCashDrawerSessionDialog.vue
ar,label.cash_session_no_movements,resources/js/components/admin/cash/PosCashDrawerSessionDialog.vue
ar,label.cash_session_no_session,resources/js/components/admin/cash/PosCashDrawerSessionDialog.vue
ar,label.cash_session_open,resources/js/components/admin/cash/PosCashDrawerSessionDialog.vue
ar,label.cash_session_opened_at,resources/js/components/admin/cash/PosCashDrawerSessionDialog.vue
ar,label.cash_session_opening_amount,resources/js/components/admin/cash/PosCashDrawerSessionDialog.vue
ar,label.cash_session_reconcile,resources/js/components/admin/deliveryBoyCashSession/DeliveryBoyCashSessionFormComponent.vue
ar,label.cash_session_required_reason,resources/js/components/admin/cash/PosCashDrawerSessionDialog.vue
ar,label.cash_session_variance,resources/js/components/admin/cash/PosCashDrawerSessionDialog.vue
ar,label.cash_session_variance_reason,resources/js/components/admin/cash/PosCashDrawerSessionDialog.vue
ar,label.cash_session_view_movements,resources/js/components/admin/cash/PosCashDrawerSessionDialog.vue
ar,label.cash_status_,resources/js/components/admin/cashSessionReport/CashSessionReportListComponent.vue
ar,label.cashier,resources/js/components/admin/cashSessionReport/CashSessionReportListComponent.vue
ar,label.channel_,resources/js/components/admin/items/ItemCreateComponent.vue
ar,label.client_borne,resources/js/components/admin/encaissement/EncaissementComponent.vue
ar,label.closed_at,resources/js/components/admin/cashSessionReport/CashSessionReportListComponent.vue
ar,label.closing_amount,resources/js/components/admin/cashSessionReport/CashSessionReportListComponent.vue
ar,label.closing_total,resources/js/components/admin/cashSessionReport/CashSessionReportListComponent.vue
ar,label.composer.add_personal_page,resources/js/components/admin/items/composer/ProductComposerEditorComponent.vue
ar,label.composer.addon_role,resources/js/components/admin/items/composer/ComposerStepFormPanel.vue
ar,label.composer.addon_role_dessert,resources/js/components/admin/items/composer/ComposerStepFormPanel.vue
ar,label.composer.addon_role_drink,resources/js/components/admin/items/composer/ComposerStepFormPanel.vue
ar,label.composer.addon_role_help,resources/js/components/admin/items/composer/ComposerStepFormPanel.vue
ar,label.composer.addon_role_menu_component,resources/js/components/admin/items/composer/ComposerStepFormPanel.vue
ar,label.composer.addon_role_none,resources/js/components/admin/items/composer/ComposerStepFormPanel.vue
ar,label.composer.addon_role_side,resources/js/components/admin/items/composer/ComposerStepFormPanel.vue
ar,label.composer.addon_role_upsell,resources/js/components/admin/items/composer/ComposerStepFormPanel.vue
ar,label.composer.allow_repeat,resources/js/components/admin/items/composer/ComposerStepFormPanel.vue
ar,label.composer.allow_repeat_help,resources/js/components/admin/items/composer/ComposerStepFormPanel.vue
ar,label.composer.allow_repeat_state_off,resources/js/components/admin/items/composer/ComposerStepFormPanel.vue
ar,label.composer.allow_repeat_state_on,resources/js/components/admin/items/composer/ComposerStepFormPanel.vue
ar,label.composer.allow_repeat_summary,resources/js/components/admin/items/composer/ComposerStepFormPanel.vue
ar,label.composer.create_page,resources/js/components/admin/items/composer/ProductComposerEditorComponent.vue
ar,label.composer.edit_options,resources/js/components/admin/items/composer/ProductComposerEditorComponent.vue
ar,label.composer.edit_personal_page,resources/js/components/admin/items/composer/ProductComposerEditorComponent.vue
ar,label.composer.personal_page_add_option,resources/js/components/admin/items/composer/ProductComposerEditorComponent.vue
ar,label.composer.personal_page_label,resources/js/components/admin/items/composer/ProductComposerEditorComponent.vue
ar,label.composer.personal_page_label_placeholder,resources/js/components/admin/items/composer/ProductComposerEditorComponent.vue
ar,label.composer.personal_page_option_description,resources/js/components/admin/items/composer/ProductComposerEditorComponent.vue
ar,label.composer.personal_page_option_name,resources/js/components/admin/items/composer/ProductComposerEditorComponent.vue
ar,label.composer.personal_page_option_price,resources/js/components/admin/items/composer/ProductComposerEditorComponent.vue
ar,label.composer.personal_page_options,resources/js/components/admin/items/composer/ProductComposerEditorComponent.vue
ar,label.composer.update_page,resources/js/components/admin/items/composer/ProductComposerEditorComponent.vue
ar,label.composer.visible_kiosk,resources/js/components/admin/items/composer/ProductComposerEditorComponent.vue
ar,label.composer.visible_pos,resources/js/components/admin/items/composer/ProductComposerEditorComponent.vue
ar,label.counter_deferred,resources/js/components/admin/posOrders/PosOrderReceiptComponent.vue
ar,label.deactivate,resources/js/components/admin/coupons/CouponListComponent.vue
ar,label.delivery_cash_session,resources/js/components/admin/deliveryBoyCashSession/DeliveryBoyCashSessionShowComponent.vue
ar,label.direction,resources/js/components/admin/deliveryBoyCashSession/DeliveryBoyCashSessionShowComponent.vue
ar,label.drawer_opened_at,resources/js/components/admin/cashOverview/CashOverviewComponent.vue
ar,label.encaisser_total_capped,resources/js/components/admin/encaissement/EncaissementComponent.vue
ar,label.encaisser_total_pending,resources/js/components/admin/encaissement/EncaissementComponent.vue
ar,label.encaisser_wait_title,resources/js/components/admin/encaissement/EncaissementComponent.vue
ar,label.error,resources/js/components/admin/onlineOrders/OnlineOrderShowComponent.vue
ar,label.fee_fixed,resources/js/components/admin/settings/PaymentTerminals/PaymentTerminalsComponent.vue
ar,label.fee_percent,resources/js/components/admin/settings/PaymentTerminals/PaymentTerminalsComponent.vue
ar,label.gateway,resources/js/components/admin/settings/PaymentTerminals/PaymentTerminalsComponent.vue
ar,label.grand_total,resources/js/components/admin/cashOverview/CashOverviewComponent.vue
ar,label.has_menu,resources/js/components/admin/settings/ItemCategory/ItemCategoryCreateComponent.vue
ar,label.ingredient.usage_none,resources/js/components/admin/ingredients/IngredientListComponent.vue
ar,label.is_upsell,resources/js/components/admin/items/ItemCreateComponent.vue
ar,label.is_upsell_hint,resources/js/components/admin/items/ItemCreateComponent.vue
ar,label.kiosk_admin_pin,resources/js/components/admin/settings/KioskSetup/KioskSetupComponent.vue
ar,label.kiosk_admin_pin_hint,resources/js/components/admin/settings/KioskSetup/KioskSetupComponent.vue
ar,label.kiosk_idle_screen,resources/js/components/admin/settings/KioskSetup/KioskSetupComponent.vue
ar,label.kiosk_idle_video,resources/js/components/admin/settings/KioskSetup/KioskSetupComponent.vue
ar,label.kiosk_idle_video_hint,resources/js/components/admin/settings/KioskSetup/KioskSetupComponent.vue
ar,label.kiosk_tap_hint,resources/js/components/admin/settings/KioskSetup/KioskSetupComponent.vue
ar,label.kiosk_tap_hint_placeholder,resources/js/components/admin/settings/KioskSetup/KioskSetupComponent.vue
ar,label.kiosk_welcome_subtitle,resources/js/components/admin/settings/KioskSetup/KioskSetupComponent.vue
ar,label.kiosk_welcome_subtitle_placeholder,resources/js/components/admin/settings/KioskSetup/KioskSetupComponent.vue
ar,label.kiosk_welcome_title,resources/js/components/admin/settings/KioskSetup/KioskSetupComponent.vue
ar,label.kiosk_welcome_title_placeholder,resources/js/components/admin/settings/KioskSetup/KioskSetupComponent.vue
ar,label.loading,resources/js/components/admin/cashOverview/CashOverviewComponent.vue
ar,label.loyalty_min_redeem_points,resources/js/components/admin/settings/LoyaltySetup/LoyaltySetupComponent.vue
ar,label.loyalty_min_redeem_points_hint,resources/js/components/admin/settings/LoyaltySetup/LoyaltySetupComponent.vue
ar,label.loyalty_points_config,resources/js/components/admin/settings/LoyaltySetup/LoyaltySetupComponent.vue
ar,label.loyalty_points_for_1_euro_discount,resources/js/components/admin/settings/LoyaltySetup/LoyaltySetupComponent.vue
ar,label.loyalty_points_for_1_euro_discount_hint,resources/js/components/admin/settings/LoyaltySetup/LoyaltySetupComponent.vue
ar,label.loyalty_points_per_euro,resources/js/components/admin/settings/LoyaltySetup/LoyaltySetupComponent.vue
ar,label.loyalty_points_per_euro_hint,resources/js/components/admin/settings/LoyaltySetup/LoyaltySetupComponent.vue
ar,label.loyalty_preview,resources/js/components/admin/settings/LoyaltySetup/LoyaltySetupComponent.vue
ar,label.mode_card,resources/js/components/admin/cashOverview/CashOverviewComponent.vue
ar,label.mode_cash,resources/js/components/admin/cashOverview/CashOverviewComponent.vue
ar,label.mode_mobile,resources/js/components/admin/cashOverview/CashOverviewComponent.vue
ar,label.mode_other,resources/js/components/admin/cashOverview/CashOverviewComponent.vue
ar,label.mode_ticket,resources/js/components/admin/cashOverview/CashOverviewComponent.vue
ar,label.no_data,resources/js/components/admin/settings/PaymentTerminals/PaymentTerminalsComponent.vue
ar,label.no_data_available,resources/js/components/admin/cashSessionReport/CashSessionReportListComponent.vue
ar,label.notes,resources/js/components/admin/cash/PosCashDrawerSessionDialog.vue
ar,label.opened_at,resources/js/components/admin/cashSessionReport/CashSessionReportListComponent.vue
ar,label.opening_amount,resources/js/components/admin/cashOverview/CashOverviewComponent.vue
ar,label.opening_total,resources/js/components/admin/cashSessionReport/CashSessionReportListComponent.vue
ar,label.order_number,resources/js/components/admin/cashOverview/CashOverviewComponent.vue
ar,label.oss_connection_slow,resources/js/components/admin/orderStatusScreen/PreparingAndReadyComponent.vue
ar,label.oss_no_orders,resources/js/components/admin/orderStatusScreen/PreparingAndReadyComponent.vue
ar,label.out_of_stock,resources/js/components/admin/items/AvailabilityToggleComponent.vue
ar,label.pos_dedicated_shell,resources/js/components/admin/dashboard/DashboardComponent.vue
ar,label.pos_shortcut_cash_empty,resources/js/components/admin/pos/PosComponent.vue
ar,label.pos_shortcut_last_refresh_min,resources/js/components/admin/pos/PosComponent.vue
ar,label.pos_shortcut_last_refresh_now,resources/js/components/admin/pos/PosComponent.vue
ar,label.pos_shortcut_last_refresh_sec,resources/js/components/admin/pos/PosComponent.vue
ar,label.pos_shortcut_ready_empty,resources/js/components/admin/pos/PosComponent.vue
ar,label.quick_access,resources/js/components/admin/dashboard/DashboardComponent.vue
ar,label.remboursement,resources/js/components/admin/pos/ReceiptRemboursementMarker.vue
ar,label.serial_number,resources/js/components/admin/settings/PaymentTerminals/PaymentTerminalsComponent.vue
ar,label.session_id,resources/js/components/admin/cashSessionReport/CashSessionReportListComponent.vue
ar,label.sessions,resources/js/components/admin/cashSessionReport/CashSessionReportListComponent.vue
ar,label.sla_old_tickets,resources/js/components/admin/dashboard/SlaAlertsComponent.vue
ar,label.source_borne,resources/js/components/admin/cashOverview/CashOverviewComponent.vue
ar,label.source_caisse,resources/js/components/admin/cashOverview/CashOverviewComponent.vue
ar,label.source_livreur,resources/js/components/admin/cashOverview/CashOverviewComponent.vue
ar,label.time,resources/js/components/admin/cashOverview/CashOverviewComponent.vue
ar,label.toggle_available,resources/js/components/admin/items/AvailabilityToggleComponent.vue
ar,label.toggle_unavailable,resources/js/components/admin/items/AvailabilityToggleComponent.vue
ar,label.total_orders_lifetime,resources/js/components/admin/dashboard/OverviewComponent.vue
ar,label.total_sales_lifetime,resources/js/components/admin/dashboard/OverviewComponent.vue
ar,label.transactions_short,resources/js/components/admin/cashOverview/CashOverviewComponent.vue
ar,label.unavailable,resources/js/components/admin/items/ItemPreviewComponent.vue
ar,label.variance,resources/js/components/admin/cashSessionReport/CashSessionReportListComponent.vue
ar,label.view_z_reports,resources/js/components/admin/dashboard/LastZReportWidget.vue
ar,label.wizard_template,resources/js/components/admin/settings/ItemCategory/ItemCategoryCreateComponent.vue
ar,menu.,resources/js/components/admin/components/BreadcrumbComponent.vue
ar,menu.cash_sessions_report,resources/js/components/admin/cashSessionReport/CashSessionReportListComponent.vue
ar,menu.kiosk_setup,resources/js/components/admin/settings/KioskSetup/KioskSetupComponent.vue
ar,menu.loyalty_setup,resources/js/components/admin/settings/LoyaltySetup/LoyaltySetupComponent.vue
ar,menu.payment_terminals,resources/js/components/admin/settings/PaymentTerminals/PaymentTerminalsComponent.vue
ar,menu.pos_orders_tracker,resources/js/components/admin/dashboard/DashboardComponent.vue
ar,message.branch_required,resources/js/components/admin/pos/PosComponent.vue
ar,message.cart_is_empty,resources/js/components/admin/pos/PosComponent.vue
ar,message.cart_reset,resources/js/components/admin/pos/PosComponent.vue
ar,message.cart_restored,resources/js/components/admin/pos/PosComponent.vue
ar,message.composer.category_publish_warning,resources/js/components/admin/items/composer/ProductComposerEditorComponent.vue
ar,message.composer.personal_page_created,resources/js/components/admin/items/composer/ProductComposerEditorComponent.vue
ar,message.composer.personal_page_failed,resources/js/components/admin/items/composer/ProductComposerEditorComponent.vue
ar,message.composer.personal_page_hint,resources/js/components/admin/items/composer/ProductComposerEditorComponent.vue
ar,message.composer.personal_page_label_required,resources/js/components/admin/items/composer/ProductComposerEditorComponent.vue
ar,message.composer.personal_page_load_failed,resources/js/components/admin/items/composer/ProductComposerEditorComponent.vue
ar,message.composer.personal_page_no_profile,resources/js/components/admin/items/composer/ProductComposerEditorComponent.vue
ar,message.composer.personal_page_option_name_required,resources/js/components/admin/items/composer/ProductComposerEditorComponent.vue
ar,message.composer.personal_page_updated,resources/js/components/admin/items/composer/ProductComposerEditorComponent.vue
ar,message.composer.personal_page_validation_error,resources/js/components/admin/items/composer/ProductComposerEditorComponent.vue
ar,message.discount_reason_required,resources/js/components/admin/pos/PosComponent.vue
ar,message.new_pos_order,resources/js/components/admin/pos/PosComponent.vue
ar,message.new_pos_order_with_id,resources/js/components/admin/pos/PosComponent.vue
ar,message.something_went_wrong,resources/js/components/admin/items/variation/ItemVariationListComponent.vue
ar,message.something_wrong,resources/js/components/admin/kitchenDisplaySystem/KitchenDisplaySystemComponent.vue
ar,message.zone_required,resources/js/components/admin/settings/Branch/BranchShowComponent.vue
ar,pos.barcode_not_found,resources/js/components/admin/pos/PosComponent.vue
ar,pos.cancel_last_line,resources/js/components/admin/pos/PosComponent.vue
ar,pos.cancel_last_line_done,resources/js/components/admin/pos/PosComponent.vue
ar,pos.cancel_last_line_done_named,resources/js/components/admin/pos/PosComponent.vue
ar,pos.cancel_last_line_error,resources/js/components/admin/pos/PosComponent.vue
ar,pos.cancel_order_cancel,resources/js/components/admin/pos/PosOrdersTrackerComponent.vue
ar,pos.cancel_order_confirm,resources/js/components/admin/pos/PosOrdersTrackerComponent.vue
ar,pos.cancel_order_done,resources/js/components/admin/pos/PosOrdersTrackerComponent.vue
ar,pos.cancel_order_error,resources/js/components/admin/pos/PosOrdersTrackerComponent.vue
ar,pos.cancel_order_hint,resources/js/components/admin/pos/PosOrdersTrackerComponent.vue
ar,pos.cancel_order_reason_label,resources/js/components/admin/pos/PosOrdersTrackerComponent.vue
ar,pos.cancel_order_reason_placeholder,resources/js/components/admin/pos/PosOrdersTrackerComponent.vue
ar,pos.cancel_order_reason_required,resources/js/components/admin/pos/PosOrdersTrackerComponent.vue
ar,pos.cancel_order_title,resources/js/components/admin/pos/PosOrdersTrackerComponent.vue
ar,pos.cash_received_auto_bumped,resources/js/components/admin/pos/PaymentComponent.vue
ar,pos.kiosk_counter_collect_hint,resources/js/components/admin/pos/PosComponent.vue
ar,pos.kiosk_counter_collect_short,resources/js/components/admin/pos/PosComponent.vue
ar,pos.loyalty.redeem.disabled_hint,resources/js/components/admin/pos/PosComponent.vue
ar,pos.no_sale,resources/js/components/admin/pos/PosComponent.vue
ar,pos.no_sale_done,resources/js/components/admin/pos/PosComponent.vue
ar,pos.no_sale_error,resources/js/components/admin/pos/PosComponent.vue
ar,pos.no_sale_hint,resources/js/components/admin/pos/PosComponent.vue
ar,pos.orders.detail_short,resources/js/components/admin/pos/PosComponent.vue
ar,pos.orders.history,resources/js/components/admin/pos/PosComponent.vue
ar,pos.orders.history_hint,resources/js/components/admin/pos/PosComponent.vue
ar,pos.orders.view_detail,resources/js/components/admin/pos/PosComponent.vue
ar,pos.park_restore_partial,resources/js/components/admin/pos/ParkedOrdersComponent.vue
ar,pos.parked_orders_short,resources/js/components/admin/pos/PosComponent.vue
ar,pos.parked_search_no_match,resources/js/components/admin/pos/ParkedOrdersComponent.vue
ar,pos.parked_search_placeholder,resources/js/components/admin/pos/ParkedOrdersComponent.vue
ar,pos.print_ticket_client,resources/js/components/admin/pos/ReceiptComponent.vue
ar,pos.print_ticket_kitchen,resources/js/components/admin/pos/ReceiptComponent.vue
ar,pos.reason_required_hint,resources/js/components/admin/pos/PosComponent.vue
ar,pos.reason_required_placeholder,resources/js/components/admin/pos/PosComponent.vue
ar,pos.reason_required_short,resources/js/components/admin/pos/PosComponent.vue
ar,pos.receipt_kitchen_subtitle,resources/js/components/admin/pos/ReceiptComponent.vue
ar,pos.receipt_kitchen_title,resources/js/components/admin/pos/ReceiptComponent.vue
ar,pos.reprint_error,resources/js/components/admin/pos/PosOrdersTrackerComponent.vue
ar,pos.reprint_ticket_hint,resources/js/components/admin/pos/PosOrdersTrackerComponent.vue
ar,pos.tracker.active_orders,resources/js/components/admin/pos/PosOrdersTrackerComponent.vue
ar,pos.tracker.back_to_pos,resources/js/components/admin/pos/PosOrdersTrackerComponent.vue
ar,pos.tracker.button_hint,resources/js/components/admin/pos/PosComponent.vue
ar,pos.tracker.button_label,resources/js/components/admin/pos/PosComponent.vue
ar,pos.tracker.cash_collect_cta,resources/js/components/admin/pos/PosOrdersTrackerComponent.vue
ar,pos.tracker.cash_due_label,resources/js/components/admin/pos/PosOrdersTrackerComponent.vue
ar,pos.tracker.col_accept,resources/js/components/admin/pos/PosOrdersTrackerComponent.vue
ar,pos.tracker.col_accept_subtitle,resources/js/components/admin/pos/PosOrdersTrackerComponent.vue
ar,pos.tracker.col_delivered,resources/js/components/admin/pos/PosOrdersTrackerComponent.vue
ar,pos.tracker.col_on_the_way,resources/js/components/admin/pos/PosOrdersTrackerComponent.vue
ar,pos.tracker.col_prepared,resources/js/components/admin/pos/PosOrdersTrackerComponent.vue
ar,pos.tracker.col_preparing,resources/js/components/admin/pos/PosOrdersTrackerComponent.vue
ar,pos.tracker.customer_screen,resources/js/components/admin/pos/PosComponent.vue
ar,pos.tracker.customer_screen_hint,resources/js/components/admin/pos/PosComponent.vue
ar,pos.tracker.delivered_short,resources/js/components/admin/pos/PosOrdersTrackerComponent.vue
ar,pos.tracker.empty_accept,resources/js/components/admin/pos/PosOrdersTrackerComponent.vue
ar,pos.tracker.empty_column,resources/js/components/admin/pos/PosOrdersTrackerComponent.vue
ar,pos.tracker.empty_delivered,resources/js/components/admin/pos/PosOrdersTrackerComponent.vue
ar,pos.tracker.empty_on_the_way,resources/js/components/admin/pos/PosOrdersTrackerComponent.vue
ar,pos.tracker.empty_prepared,resources/js/components/admin/pos/PosOrdersTrackerComponent.vue
ar,pos.tracker.empty_preparing,resources/js/components/admin/pos/PosOrdersTrackerComponent.vue
ar,pos.tracker.history,resources/js/components/admin/pos/PosOrdersTrackerComponent.vue
ar,pos.tracker.history_hint,resources/js/components/admin/pos/PosOrdersTrackerComponent.vue
ar,pos.tracker.loading,resources/js/components/admin/pos/PosOrdersTrackerComponent.vue
ar,pos.tracker.mark_delivered,resources/js/components/admin/pos/PosOrdersTrackerComponent.vue
ar,pos.tracker.more_items,resources/js/components/admin/pos/PosOrdersTrackerComponent.vue
ar,pos.tracker.now,resources/js/components/admin/encaissement/EncaissementComponent.vue
ar,pos.tracker.ready_short,resources/js/components/admin/pos/PosOrdersTrackerComponent.vue
ar,pos.tracker.realtime_lost,resources/js/components/admin/pos/PosOrdersTrackerComponent.vue
ar,pos.tracker.search_placeholder,resources/js/components/admin/pos/PosOrdersTrackerComponent.vue
ar,pos.tracker.source_,resources/js/components/admin/pos/PosOrdersTrackerComponent.vue
ar,pos.tracker.source_all,resources/js/components/admin/pos/PosOrdersTrackerComponent.vue
ar,pos.tracker.source_filter,resources/js/components/admin/pos/PosOrdersTrackerComponent.vue
ar,pos.tracker.source_kiosk,resources/js/components/admin/pos/PosOrdersTrackerComponent.vue
ar,pos.tracker.source_online,resources/js/components/admin/pos/PosOrdersTrackerComponent.vue
ar,pos.tracker.source_pos,resources/js/components/admin/pos/PosOrdersTrackerComponent.vue
ar,pos.tracker.title,resources/js/components/admin/pos/PosOrdersTrackerComponent.vue
ar,pos.tracker.today_total,resources/js/components/admin/pos/PosOrdersTrackerComponent.vue
ar,pos.tracker.view_details,resources/js/components/admin/pos/PosOrdersTrackerComponent.vue
ar,ws_session_invalid_action,resources/js/components/common/ConnectionStatusBanner.vue
ar,ws_session_invalid_text,resources/js/components/common/ConnectionStatusBanner.vue
de,a11y.add_item,resources/js/components/admin/pos/ItemComponent.vue
de,a11y.cart_region,resources/js/components/admin/pos/PosComponent.vue
de,a11y.decrease_qty,resources/js/components/admin/pos/PosComponent.vue
de,a11y.increase_qty,resources/js/components/admin/pos/PosComponent.vue
de,a11y.receipt_preview,resources/js/components/admin/pos/ReceiptComponent.vue
de,a11y.remove_item,resources/js/components/admin/pos/PosComponent.vue
de,a11y.skip_to_cart,resources/js/components/admin/pos/PosComponent.vue
de,a11y.unavailable_item,resources/js/components/admin/pos/ItemComponent.vue
de,admin.observability_outbox.attempts,resources/js/components/admin/observability/OutboxOverviewComponent.vue
de,admin.observability_outbox.available,resources/js/components/admin/observability/OutboxOverviewComponent.vue
de,admin.observability_outbox.branch_id,resources/js/components/admin/observability/OutboxOverviewComponent.vue
de,admin.observability_outbox.count,resources/js/components/admin/observability/OutboxOverviewComponent.vue
de,admin.observability_outbox.created_at,resources/js/components/admin/observability/OutboxOverviewComponent.vue
de,admin.observability_outbox.dispatched_24h,resources/js/components/admin/observability/OutboxOverviewComponent.vue
de,admin.observability_outbox.down,resources/js/components/admin/observability/OutboxOverviewComponent.vue
de,admin.observability_outbox.drain_failed,resources/js/components/admin/observability/OutboxOverviewComponent.vue
de,admin.observability_outbox.event_type,resources/js/components/admin/observability/OutboxOverviewComponent.vue
de,admin.observability_outbox.exception,resources/js/components/admin/observability/OutboxOverviewComponent.vue
de,admin.observability_outbox.failed_at,resources/js/components/admin/observability/OutboxOverviewComponent.vue
de,admin.observability_outbox.failed_jobs,resources/js/components/admin/observability/OutboxOverviewComponent.vue
de,admin.observability_outbox.generated_at,resources/js/components/admin/observability/OutboxOverviewComponent.vue
de,admin.observability_outbox.last_error,resources/js/components/admin/observability/OutboxOverviewComponent.vue
de,admin.observability_outbox.last_signal,resources/js/components/admin/observability/OutboxOverviewComponent.vue
de,admin.observability_outbox.no_failed_jobs,resources/js/components/admin/observability/OutboxOverviewComponent.vue
de,admin.observability_outbox.no_pending,resources/js/components/admin/observability/OutboxOverviewComponent.vue
de,admin.observability_outbox.no_signal,resources/js/components/admin/observability/OutboxOverviewComponent.vue
de,admin.observability_outbox.oldest_age,resources/js/components/admin/observability/OutboxOverviewComponent.vue
de,admin.observability_outbox.pending,resources/js/components/admin/observability/OutboxOverviewComponent.vue
de,admin.observability_outbox.queue,resources/js/components/admin/observability/OutboxOverviewComponent.vue
de,admin.observability_outbox.queue_high,resources/js/components/admin/observability/OutboxOverviewComponent.vue
de,admin.observability_outbox.refresh,resources/js/components/admin/observability/OutboxOverviewComponent.vue
de,admin.observability_outbox.retry_failed,resources/js/components/admin/observability/OutboxOverviewComponent.vue
de,admin.observability_outbox.samples,resources/js/components/admin/observability/OutboxOverviewComponent.vue
de,admin.observability_outbox.subtitle,resources/js/components/admin/observability/OutboxOverviewComponent.vue
de,admin.observability_outbox.title,resources/js/components/admin/observability/OutboxOverviewComponent.vue
de,admin.observability_outbox.up,resources/js/components/admin/observability/OutboxOverviewComponent.vue
de,admin.product_wizard.finish,resources/js/components/admin/items/wizard/ProductCreateWizardComponent.vue
de,admin.product_wizard.progress,resources/js/components/admin/items/wizard/ProductCreateWizardComponent.vue
de,admin.product_wizard.subtitle,resources/js/components/admin/items/wizard/ProductCreateWizardComponent.vue
de,admin.product_wizard.title,resources/js/components/admin/items/wizard/ProductCreateWizardComponent.vue
de,admin.stock_mgmt.empty,resources/js/components/admin/stock/StockRuptureDashboardComponent.vue
de,admin.stock_mgmt.empty_search,resources/js/components/admin/stock/StockRuptureDashboardComponent.vue
de,admin.stock_mgmt.in_stock,resources/js/components/admin/stock/StockRuptureDashboardComponent.vue
de,admin.stock_mgmt.loading,resources/js/components/admin/stock/StockRuptureDashboardComponent.vue
de,admin.stock_mgmt.loading_error,resources/js/components/admin/stock/StockRuptureDashboardComponent.vue
de,admin.stock_mgmt.out_of_stock,resources/js/components/admin/stock/StockRuptureDashboardComponent.vue
de,admin.stock_mgmt.rail_ruptures,resources/js/components/admin/stock/StockRuptureDashboardComponent.vue
de,admin.stock_mgmt.read_only,resources/js/components/admin/stock/StockRuptureDashboardComponent.vue
de,admin.stock_mgmt.search,resources/js/components/admin/stock/StockRuptureDashboardComponent.vue
de,admin.stock_mgmt.subtitle,resources/js/components/admin/stock/StockRuptureDashboardComponent.vue
de,admin.stock_mgmt.title,resources/js/components/admin/stock/StockRuptureDashboardComponent.vue
de,admin.stock_mgmt.toggle_error,resources/js/components/admin/stock/StockRuptureDashboardComponent.vue
de,button.add_tranche,resources/js/components/admin/pos/PaymentComponent.vue
de,button.auto_balance,resources/js/components/admin/pos/PaymentComponent.vue
de,button.kds_allergens_modal_close,resources/js/components/admin/kitchenDisplaySystem/KitchenDisplaySystemComponent.vue
de,button.kds_bump,resources/js/components/admin/kitchenDisplaySystem/KitchenDisplaySystemComponent.vue
de,button.kds_recall,resources/js/components/admin/kitchenDisplaySystem/KitchenDisplaySystemComponent.vue
de,button.menu,resources/js/components/layouts/backend/BackendNavbarComponent.vue
de,button.refresh,resources/js/components/admin/encaissement/EncaissementComponent.vue
de,button.release_table,resources/js/components/admin/pos/FloorplanComponent.vue
de,button.remove,resources/js/components/admin/pos/v5/PosV5TrancheRow.vue
de,button.reset_filters,resources/js/components/admin/cashOverview/CashOverviewComponent.vue
de,button.split_equally,resources/js/components/admin/pos/PaymentComponent.vue
de,button.suggest_tendered,resources/js/components/admin/pos/PaymentComponent.vue
de,button.transfer_table,resources/js/components/admin/pos/FloorplanComponent.vue
de,button.try_again,resources/js/components/admin/items/variation/ItemVariationListComponent.vue
de,error.kds_connection_lost,resources/js/components/admin/kitchenDisplaySystem/KitchenDisplaySystemComponent.vue
de,error.kiosk_rate_limited,resources/js/store/modules/kioskCart.js
de,error.order_cancel_rejected,resources/js/components/admin/pos/PosOrdersTrackerComponent.vue
de,error.order_cancel_unauthorized,resources/js/components/admin/pos/PosOrdersTrackerComponent.vue
de,kiosk.a11y.theme,resources/js/components/frontend/kiosk/ds/KsA11ySettings.vue
de,kiosk.a11y.theme_aria,resources/js/components/frontend/kiosk/ds/KsA11ySettings.vue
de,kiosk.a11y.theme_hint,resources/js/components/frontend/kiosk/ds/KsA11ySettings.vue
de,kiosk.consent.privacy_body,resources/js/components/frontend/kiosk/ds/KsConsentModal.vue
de,kiosk.error.network.staff_ack,resources/js/components/frontend/kiosk/KioskErrorNetworkComponent.vue
de,kiosk.login_screen.err_rate_limited,resources/js/components/frontend/kiosk/KioskLoginComponent.vue
de,kiosk.loyalty_screen.request_timeout,resources/js/components/frontend/kiosk/KioskLoyaltyComponent.vue
de,kiosk.max_quantity_reached,resources/js/components/frontend/kiosk/KioskCartComponent.vue
de,kiosk.offline_conflict.cancel,resources/js/components/frontend/kiosk/KioskOfflineConflictModalComponent.vue
de,kiosk.offline_conflict.date_unknown,resources/js/components/frontend/kiosk/KioskOfflineConflictModalComponent.vue
de,kiosk.offline_conflict.empty,resources/js/components/frontend/kiosk/KioskOfflineConflictModalComponent.vue
de,kiosk.offline_conflict.force_send,resources/js/components/frontend/kiosk/KioskOfflineConflictModalComponent.vue
de,kiosk.offline_conflict.intro,resources/js/components/frontend/kiosk/KioskOfflineConflictModalComponent.vue
de,kiosk.offline_conflict.no_items,resources/js/components/frontend/kiosk/KioskOfflineConflictModalComponent.vue
de,kiosk.offline_conflict.products_impacted,resources/js/components/frontend/kiosk/KioskOfflineConflictModalComponent.vue
de,kiosk.offline_conflict.title,resources/js/components/frontend/kiosk/KioskOfflineConflictModalComponent.vue
de,kiosk.offline_queue.auto_return,resources/js/components/frontend/kiosk/KioskWaitingComponent.vue
de,kiosk.pay_screen.counter_route_confirm_btn,resources/js/components/frontend/kiosk/KioskPaymentComponent.vue
de,kiosk.pay_screen.counter_route_processing,resources/js/components/frontend/kiosk/KioskPaymentComponent.vue
de,kiosk.pay_screen.counter_route_sub,resources/js/components/frontend/kiosk/KioskPaymentComponent.vue
de,kiosk.pay_screen.counter_route_title,resources/js/components/frontend/kiosk/KioskPaymentComponent.vue
de,kiosk.pay_screen.offline_alert,resources/js/components/frontend/kiosk/KioskPaymentComponent.vue
de,kiosk.pay_screen.offline_short,resources/js/components/frontend/kiosk/KioskPaymentComponent.vue
de,kiosk.pay_screen.payment_sync_retried,resources/js/components/frontend/kiosk/KioskPaymentComponent.vue
de,kiosk.pay_screen.tpe_stuck_help,resources/js/components/frontend/kiosk/KioskPaymentComponent.vue
de,kiosk.promo.applied,resources/js/components/frontend/kiosk/KioskCartComponent.vue
de,kiosk.promo.apply,resources/js/components/frontend/kiosk/KioskCartComponent.vue
de,kiosk.promo.label,resources/js/components/frontend/kiosk/KioskCartComponent.vue
de,kiosk.promo.loading,resources/js/components/frontend/kiosk/KioskCartComponent.vue
de,kiosk.promo.placeholder,resources/js/components/frontend/kiosk/KioskCartComponent.vue
de,kiosk.promo.remove,resources/js/components/frontend/kiosk/KioskCartComponent.vue
de,kiosk.remove_item,resources/js/components/frontend/kiosk/KioskCartComponent.vue
de,kiosk.rush.active_title,resources/js/components/frontend/kiosk/KioskWaitingComponent.vue
de,kiosk.rush.subtitle,resources/js/components/frontend/kiosk/KioskWaitingComponent.vue
de,kiosk.unavailable_items_pruned,resources/js/components/frontend/kiosk/KioskCartComponent.vue
de,kiosk.wizard.generic.step_fallback,resources/js/components/frontend/kiosk/KioskWizardComponent.vue
de,kiosk.wizard.pricing_preview_offline,resources/js/components/frontend/kiosk/KioskWizardComponent.vue
de,kiosk.wizard.step.frites_style.nature,resources/js/components/frontend/kiosk/steps/KioskStepFritesStyleComponent.vue
de,kiosk.wizard.step.frites_style.subtitle,resources/js/components/frontend/kiosk/steps/KioskStepFritesStyleComponent.vue
de,kiosk.wizard.step.frites_style.title,resources/js/components/frontend/kiosk/steps/KioskStepFritesStyleComponent.vue
de,kiosk.wizard.supplement_decrease,resources/js/components/frontend/kiosk/steps/KioskStepSupplementsComponent.vue
de,kiosk.wizard.supplement_increase,resources/js/components/frontend/kiosk/steps/KioskStepSupplementsComponent.vue
de,kiosk.wizard.supplement_qty_label,resources/js/components/frontend/kiosk/steps/KioskStepSupplementsComponent.vue
de,kiosk.wizard.tap_to_choose,resources/js/components/frontend/kiosk/steps/KioskStepSupplementsComponent.vue
de,label.,resources/js/components/admin/onlineOrders/OnlineOrderReceiptComponent.vue
de,label.activate,resources/js/components/admin/coupons/CouponListComponent.vue
de,label.advanced_promo_fields,resources/js/components/admin/coupons/CouponCreateComponent.vue
de,label.all_methods,resources/js/components/admin/cashOverview/CashOverviewComponent.vue
de,label.all_sources,resources/js/components/admin/cashOverview/CashOverviewComponent.vue
de,label.archived,resources/js/components/admin/settings/PaymentTerminals/PaymentTerminalsComponent.vue
de,label.auto_balance_help,resources/js/components/admin/pos/PaymentComponent.vue
de,label.available,resources/js/components/admin/items/ItemPreviewComponent.vue
de,label.base_ht,resources/js/components/admin/pos/ReceiptComponent.vue
de,label.breakdown_by_method,resources/js/components/admin/cashOverview/CashOverviewComponent.vue
de,label.caisse,resources/js/components/admin/encaissement/EncaissementComponent.vue
de,label.cash_collected_today,resources/js/components/admin/cashOverview/CashOverviewComponent.vue
de,label.cash_drawer_count_pending_note,resources/js/components/admin/cashOverview/CashOverviewComponent.vue
de,label.cash_drawer_opened_simulation,resources/js/components/admin/pos/PosCounterCollectModal.vue
de,label.cash_drawer_reconciliation,resources/js/components/admin/cashOverview/CashOverviewComponent.vue
de,label.cash_in,resources/js/components/admin/cash/PosCashDrawerSessionDialog.vue
de,label.cash_mvt_,resources/js/components/admin/cash/PosCashDrawerSessionDialog.vue
de,label.cash_out,resources/js/components/admin/cash/PosCashDrawerSessionDialog.vue
de,label.cash_overview_capped_notice,resources/js/components/admin/cashOverview/CashOverviewComponent.vue
de,label.cash_overview_empty_copy,resources/js/components/admin/cashOverview/CashOverviewComponent.vue
de,label.cash_session_active,resources/js/components/admin/cash/PosCashDrawerSessionDialog.vue
de,label.cash_session_back,resources/js/components/admin/cash/PosCashDrawerSessionDialog.vue
de,label.cash_session_close,resources/js/components/admin/cash/PosCashDrawerSessionDialog.vue
de,label.cash_session_closed_at,resources/js/components/admin/deliveryBoyCashSession/DeliveryBoyCashSessionShowComponent.vue
de,label.cash_session_closing_amount,resources/js/components/admin/cash/PosCashDrawerSessionDialog.vue
de,label.cash_session_confirm_close,resources/js/components/admin/cash/PosCashDrawerSessionDialog.vue
de,label.cash_session_dialog_title,resources/js/components/admin/cash/PosCashDrawerSessionDialog.vue
de,label.cash_session_expected_amount,resources/js/components/admin/cash/PosCashDrawerSessionDialog.vue
de,label.cash_session_failure,resources/js/components/admin/cash/PosCashDrawerSessionDialog.vue
de,label.cash_session_header_btn,resources/js/components/admin/cash/PosCashDrawerSessionDialog.vue
de,label.cash_session_movements,resources/js/components/admin/cash/PosCashDrawerSessionDialog.vue
de,label.cash_session_movements_count,resources/js/components/admin/cash/PosCashDrawerSessionDialog.vue
de,label.cash_session_no_movements,resources/js/components/admin/cash/PosCashDrawerSessionDialog.vue
de,label.cash_session_no_session,resources/js/components/admin/cash/PosCashDrawerSessionDialog.vue
de,label.cash_session_open,resources/js/components/admin/cash/PosCashDrawerSessionDialog.vue
de,label.cash_session_opened_at,resources/js/components/admin/cash/PosCashDrawerSessionDialog.vue
de,label.cash_session_opening_amount,resources/js/components/admin/cash/PosCashDrawerSessionDialog.vue
de,label.cash_session_reconcile,resources/js/components/admin/deliveryBoyCashSession/DeliveryBoyCashSessionFormComponent.vue
de,label.cash_session_required_reason,resources/js/components/admin/cash/PosCashDrawerSessionDialog.vue
de,label.cash_session_variance,resources/js/components/admin/cash/PosCashDrawerSessionDialog.vue
de,label.cash_session_variance_reason,resources/js/components/admin/cash/PosCashDrawerSessionDialog.vue
de,label.cash_session_view_movements,resources/js/components/admin/cash/PosCashDrawerSessionDialog.vue
de,label.cash_status_,resources/js/components/admin/cashSessionReport/CashSessionReportListComponent.vue
de,label.cashier,resources/js/components/admin/cashSessionReport/CashSessionReportListComponent.vue
de,label.cc_cash_short,resources/js/components/admin/pos/PosCounterCollectModal.vue
de,label.cc_mode_card_hint,resources/js/components/admin/pos/PosCounterCollectModal.vue
de,label.cc_mode_mobile_hint,resources/js/components/admin/pos/PosCounterCollectModal.vue
de,label.cc_mode_ticket_hint,resources/js/components/admin/pos/PosCounterCollectModal.vue
de,label.cc_source_kiosk,resources/js/components/admin/pos/PosCounterCollectModal.vue
de,label.change_due,resources/js/components/admin/pos/PaymentComponent.vue
de,label.channel_,resources/js/components/admin/items/ItemCreateComponent.vue
de,label.client_borne,resources/js/components/admin/encaissement/EncaissementComponent.vue
de,label.closed_at,resources/js/components/admin/cashSessionReport/CashSessionReportListComponent.vue
de,label.closing_amount,resources/js/components/admin/cashSessionReport/CashSessionReportListComponent.vue
de,label.closing_total,resources/js/components/admin/cashSessionReport/CashSessionReportListComponent.vue
de,label.composer.add_personal_page,resources/js/components/admin/items/composer/ProductComposerEditorComponent.vue
de,label.composer.addon_role,resources/js/components/admin/items/composer/ComposerStepFormPanel.vue
de,label.composer.addon_role_dessert,resources/js/components/admin/items/composer/ComposerStepFormPanel.vue
de,label.composer.addon_role_drink,resources/js/components/admin/items/composer/ComposerStepFormPanel.vue
de,label.composer.addon_role_help,resources/js/components/admin/items/composer/ComposerStepFormPanel.vue
de,label.composer.addon_role_menu_component,resources/js/components/admin/items/composer/ComposerStepFormPanel.vue
de,label.composer.addon_role_none,resources/js/components/admin/items/composer/ComposerStepFormPanel.vue
de,label.composer.addon_role_side,resources/js/components/admin/items/composer/ComposerStepFormPanel.vue
de,label.composer.addon_role_upsell,resources/js/components/admin/items/composer/ComposerStepFormPanel.vue
de,label.composer.allow_repeat,resources/js/components/admin/items/composer/ComposerStepFormPanel.vue
de,label.composer.allow_repeat_help,resources/js/components/admin/items/composer/ComposerStepFormPanel.vue
de,label.composer.allow_repeat_state_off,resources/js/components/admin/items/composer/ComposerStepFormPanel.vue
de,label.composer.allow_repeat_state_on,resources/js/components/admin/items/composer/ComposerStepFormPanel.vue
de,label.composer.allow_repeat_summary,resources/js/components/admin/items/composer/ComposerStepFormPanel.vue
de,label.composer.create_page,resources/js/components/admin/items/composer/ProductComposerEditorComponent.vue
de,label.composer.edit_options,resources/js/components/admin/items/composer/ProductComposerEditorComponent.vue
de,label.composer.edit_personal_page,resources/js/components/admin/items/composer/ProductComposerEditorComponent.vue
de,label.composer.personal_page_add_option,resources/js/components/admin/items/composer/ProductComposerEditorComponent.vue
de,label.composer.personal_page_label,resources/js/components/admin/items/composer/ProductComposerEditorComponent.vue
de,label.composer.personal_page_label_placeholder,resources/js/components/admin/items/composer/ProductComposerEditorComponent.vue
de,label.composer.personal_page_option_description,resources/js/components/admin/items/composer/ProductComposerEditorComponent.vue
de,label.composer.personal_page_option_name,resources/js/components/admin/items/composer/ProductComposerEditorComponent.vue
de,label.composer.personal_page_option_price,resources/js/components/admin/items/composer/ProductComposerEditorComponent.vue
de,label.composer.personal_page_options,resources/js/components/admin/items/composer/ProductComposerEditorComponent.vue
de,label.composer.update_page,resources/js/components/admin/items/composer/ProductComposerEditorComponent.vue
de,label.composer.visible_kiosk,resources/js/components/admin/items/composer/ProductComposerEditorComponent.vue
de,label.composer.visible_pos,resources/js/components/admin/items/composer/ProductComposerEditorComponent.vue
de,label.counter_deferred,resources/js/components/admin/posOrders/PosOrderReceiptComponent.vue
de,label.deactivate,resources/js/components/admin/coupons/CouponListComponent.vue
de,label.delivery_cash_close_form_title,resources/js/components/admin/deliveryBoyCashSession/DeliveryBoyCashSessionFormComponent.vue
de,label.delivery_cash_close_intro,resources/js/components/admin/deliveryBoyCashSession/DeliveryBoyCashSessionFormComponent.vue
de,label.delivery_cash_form_generic_error,resources/js/components/admin/deliveryBoyCashSession/DeliveryBoyCashSessionFormComponent.vue
de,label.delivery_cash_missing_session,resources/js/components/admin/deliveryBoyCashSession/DeliveryBoyCashSessionFormComponent.vue
de,label.delivery_cash_open_form_title,resources/js/components/admin/deliveryBoyCashSession/DeliveryBoyCashSessionFormComponent.vue
de,label.delivery_cash_reconcile_form_title,resources/js/components/admin/deliveryBoyCashSession/DeliveryBoyCashSessionFormComponent.vue
de,label.delivery_cash_reconcile_intro,resources/js/components/admin/deliveryBoyCashSession/DeliveryBoyCashSessionFormComponent.vue
de,label.delivery_cash_session,resources/js/components/admin/deliveryBoyCashSession/DeliveryBoyCashSessionShowComponent.vue
de,label.delivery_cash_sessions,resources/js/components/admin/deliveryBoyCashSession/DeliveryBoyCashSessionListComponent.vue
de,label.delivery_cash_status_closed,resources/js/components/admin/deliveryBoyCashSession/DeliveryBoyCashSessionListComponent.vue
de,label.delivery_cash_status_open,resources/js/components/admin/deliveryBoyCashSession/DeliveryBoyCashSessionListComponent.vue
de,label.delivery_cash_status_reconciled,resources/js/components/admin/deliveryBoyCashSession/DeliveryBoyCashSessionListComponent.vue
de,label.direction,resources/js/components/admin/deliveryBoyCashSession/DeliveryBoyCashSessionShowComponent.vue
de,label.downloading,resources/js/components/admin/dashboard/DashboardComponent.vue
de,label.drawer_opened_at,resources/js/components/admin/cashOverview/CashOverviewComponent.vue
de,label.driver_assigned,resources/js/components/admin/onlineOrders/OnlineOrderShowComponent.vue
de,label.duplicata,resources/js/components/admin/pos/ReceiptDuplicataMarker.vue
de,label.encaisser,resources/js/components/admin/encaissement/EncaissementComponent.vue
de,label.encaisser_failed,resources/js/components/admin/pos/PosCounterCollectModal.vue
de,label.encaisser_mode_title,resources/js/components/admin/pos/PosCounterCollectModal.vue
de,label.encaisser_queue_empty,resources/js/components/admin/encaissement/EncaissementComponent.vue
de,label.encaisser_queue_subtitle,resources/js/components/admin/encaissement/EncaissementComponent.vue
de,label.encaisser_success,resources/js/components/admin/encaissement/EncaissementComponent.vue
de,label.encaisser_terminal_ref,resources/js/components/admin/pos/PosCounterCollectModal.vue
de,label.encaisser_terminal_ref_placeholder,resources/js/components/admin/pos/PosCounterCollectModal.vue
de,label.encaisser_total_capped,resources/js/components/admin/encaissement/EncaissementComponent.vue
de,label.encaisser_total_pending,resources/js/components/admin/encaissement/EncaissementComponent.vue
de,label.encaisser_wait_title,resources/js/components/admin/encaissement/EncaissementComponent.vue
de,label.eod_pdf_button,resources/js/components/admin/dashboard/DashboardComponent.vue
de,label.eod_pdf_error,resources/js/components/admin/dashboard/DashboardComponent.vue
de,label.error,resources/js/components/admin/onlineOrders/OnlineOrderShowComponent.vue
de,label.expected_in_drawer,resources/js/components/admin/cashOverview/CashOverviewComponent.vue
de,label.fee_fixed,resources/js/components/admin/settings/PaymentTerminals/PaymentTerminalsComponent.vue
de,label.fee_percent,resources/js/components/admin/settings/PaymentTerminals/PaymentTerminalsComponent.vue
de,label.fiscal_number,resources/js/components/admin/orderHistory/HistoriqueListComponent.vue
de,label.floorplan,resources/js/components/admin/pos/FloorplanComponent.vue
de,label.free,resources/js/components/admin/pos/FloorplanComponent.vue
de,label.gateway,resources/js/components/admin/settings/PaymentTerminals/PaymentTerminalsComponent.vue
de,label.grand_total,resources/js/components/admin/cashOverview/CashOverviewComponent.vue
de,label.guest,resources/js/components/admin/encaissement/EncaissementComponent.vue
de,label.has_menu,resources/js/components/admin/settings/ItemCategory/ItemCategoryCreateComponent.vue
de,label.ingredient.usage_none,resources/js/components/admin/ingredients/IngredientListComponent.vue
de,label.is_upsell,resources/js/components/admin/items/ItemCreateComponent.vue
de,label.is_upsell_hint,resources/js/components/admin/items/ItemCreateComponent.vue
de,label.kds_admin_polling_hint,resources/js/components/admin/kitchenDisplaySystem/KdsStatusBanner.vue
de,label.kds_all_stations,resources/js/components/admin/kitchenDisplaySystem/KitchenDisplaySystemComponent.vue
de,label.kds_allergen_warning_prefix,resources/js/components/admin/kitchenDisplaySystem/KdsOrderLine.vue
de,label.kds_allergens_badge,resources/js/components/admin/kitchenDisplaySystem/KitchenDisplaySystemComponent.vue
de,label.kds_allergens_badge_aria,resources/js/components/admin/kitchenDisplaySystem/KitchenDisplaySystemComponent.vue
de,label.kds_allergens_modal_intro,resources/js/components/admin/kitchenDisplaySystem/KitchenDisplaySystemComponent.vue
de,label.kds_allergens_modal_none,resources/js/components/admin/kitchenDisplaySystem/KitchenDisplaySystemComponent.vue
de,label.kds_allergens_modal_title,resources/js/components/admin/kitchenDisplaySystem/KitchenDisplaySystemComponent.vue
de,label.kds_allergie,resources/js/components/admin/kitchenDisplaySystem/KdsOrderCard.vue
de,label.kds_aria_live_accepted,resources/js/components/admin/kitchenDisplaySystem/KitchenDisplaySystemComponent.vue
de,label.kds_aria_live_preparing,resources/js/components/admin/kitchenDisplaySystem/KdsV2Grid.vue
de,label.kds_aria_live_ready,resources/js/components/admin/kitchenDisplaySystem/KdsV2Grid.vue
de,label.kds_attente,resources/js/components/admin/kitchenDisplaySystem/KdsOrderCard.vue
de,label.kds_bar,resources/js/components/admin/kitchenDisplaySystem/KitchenDisplaySystemComponent.vue
de,label.kds_bump_local_only_notice,resources/js/components/admin/kitchenDisplaySystem/KdsOrderCard.vue
de,label.kds_card_body_aria,resources/js/components/admin/kitchenDisplaySystem/KdsOrderCard.vue
de,label.kds_card_cash_pending,resources/js/components/admin/kitchenDisplaySystem/KdsOrderCard.vue
de,label.kds_card_cash_pending_aria,resources/js/components/admin/kitchenDisplaySystem/KdsOrderCard.vue
de,label.kds_connection_lost_long,resources/js/components/admin/kitchenDisplaySystem/KdsStatusBanner.vue
de,label.kds_cuisine_chaude,resources/js/components/admin/kitchenDisplaySystem/KitchenDisplaySystemComponent.vue
de,label.kds_cuisine_froide,resources/js/components/admin/kitchenDisplaySystem/KitchenDisplaySystemComponent.vue
de,label.kds_dismiss_hint,resources/js/components/admin/kitchenDisplaySystem/KitchenDisplaySystemComponent.vue
de,label.kds_empty_state,resources/js/components/admin/kitchenDisplaySystem/KdsV2Grid.vue
de,label.kds_empty_state_sub,resources/js/components/admin/kitchenDisplaySystem/KdsV2Grid.vue
de,label.kds_fallback_banner,resources/js/components/admin/kitchenDisplaySystem/KdsStatusBanner.vue
de,label.kds_group_avec,resources/js/components/admin/kitchenDisplaySystem/KdsOrderLine.vue
de,label.kds_group_by_table,resources/js/components/admin/kitchenDisplaySystem/KitchenDisplaySystemComponent.vue
de,label.kds_history_button,resources/js/components/admin/kitchenDisplaySystem/KitchenDisplaySystemComponent.vue
de,label.kds_history_button_aria,resources/js/components/admin/kitchenDisplaySystem/KdsHistoryDrawer.vue
de,label.kds_history_close_aria,resources/js/components/admin/kitchenDisplaySystem/KdsHistoryDrawer.vue
de,label.kds_history_completed_at,resources/js/components/admin/kitchenDisplaySystem/KdsHistoryDrawer.vue
de,label.kds_history_empty,resources/js/components/admin/kitchenDisplaySystem/KdsHistoryDrawer.vue
de,label.kds_history_error,resources/js/components/admin/kitchenDisplaySystem/KdsHistoryDrawer.vue
de,label.kds_history_loading,resources/js/components/admin/kitchenDisplaySystem/KdsHistoryDrawer.vue
de,label.kds_history_placed_at,resources/js/components/admin/kitchenDisplaySystem/KdsHistoryDrawer.vue
de,label.kds_history_retry,resources/js/components/admin/kitchenDisplaySystem/KdsHistoryDrawer.vue
de,label.kds_history_title,resources/js/components/admin/kitchenDisplaySystem/KdsHistoryDrawer.vue
de,label.kds_items_board_scope,resources/js/components/admin/kitchenDisplaySystem/KitchenDisplaySystemComponent.vue
de,label.kds_line_allergen_icon_aria,resources/js/components/admin/kitchenDisplaySystem/KdsOrderLine.vue
de,label.kds_oos_warning_aria,resources/js/components/admin/kitchenDisplaySystem/KitchenDisplaySystemComponent.vue
de,label.kds_oos_warning_tooltip,resources/js/components/admin/kitchenDisplaySystem/KitchenDisplaySystemComponent.vue
de,label.kds_order_cap_warning,resources/js/components/admin/kitchenDisplaySystem/KdsStatusBanner.vue
de,label.kds_order_list_full_warning,resources/js/components/admin/kitchenDisplaySystem/KdsStatusBanner.vue
de,label.kds_orders_waiting_more,resources/js/components/admin/kitchenDisplaySystem/KdsV2Grid.vue
de,label.kds_print_done,resources/js/components/admin/kitchenDisplaySystem/KdsUndoToast.vue
de,label.kds_recall_badge,resources/js/components/admin/kitchenDisplaySystem/KdsHistoryDrawer.vue
de,label.kds_recall_badge_aria,resources/js/components/admin/kitchenDisplaySystem/KdsHistoryDrawer.vue
de,label.kds_recall_button,resources/js/components/admin/kitchenDisplaySystem/KdsHistoryDrawer.vue
de,label.kds_recall_button_aria,resources/js/components/admin/kitchenDisplaySystem/KdsHistoryDrawer.vue
de,label.kds_recently_served,resources/js/components/admin/kitchenDisplaySystem/KdsV2Grid.vue
de,label.kds_search_orders,resources/js/components/admin/kitchenDisplaySystem/KitchenDisplaySystemComponent.vue
de,label.kds_see_more,resources/js/components/admin/kitchenDisplaySystem/KitchenDisplaySystemComponent.vue
de,label.kds_served_ago,resources/js/components/admin/kitchenDisplaySystem/KdsV2Grid.vue
de,label.kds_served_just_now,resources/js/components/admin/kitchenDisplaySystem/KdsV2Grid.vue
de,label.kds_served_pill_title,resources/js/components/admin/kitchenDisplaySystem/KdsV2Grid.vue
de,label.kds_sound,resources/js/components/admin/kitchenDisplaySystem/KitchenDisplaySystemComponent.vue
de,label.kds_state_delivered,resources/js/components/admin/kitchenDisplaySystem/KdsHistoryDrawer.vue
de,label.kds_state_out,resources/js/components/admin/kitchenDisplaySystem/KdsHistoryDrawer.vue
de,label.kds_state_prepared,resources/js/components/admin/kitchenDisplaySystem/KdsHistoryDrawer.vue
de,label.kds_station_filter,resources/js/components/admin/kitchenDisplaySystem/KitchenDisplaySystemComponent.vue
de,label.kds_sync_never,resources/js/components/admin/kitchenDisplaySystem/KitchenDisplaySystemComponent.vue
de,label.kds_sync_stamp,resources/js/components/admin/kitchenDisplaySystem/KitchenDisplaySystemComponent.vue
de,label.kds_toast_bumped,resources/js/components/admin/kitchenDisplaySystem/KdsUndoToast.vue
de,label.kds_toggle_items,resources/js/components/admin/kitchenDisplaySystem/KitchenDisplaySystemComponent.vue
de,label.kds_type_delivery,resources/js/components/admin/kitchenDisplaySystem/KitchenDisplaySystemComponent.vue
de,label.kds_type_dinein,resources/js/components/admin/kitchenDisplaySystem/KitchenDisplaySystemComponent.vue
de,label.kds_type_kiosk,resources/js/components/admin/kitchenDisplaySystem/KitchenDisplaySystemComponent.vue
de,label.kds_type_pos,resources/js/components/admin/kitchenDisplaySystem/KitchenDisplaySystemComponent.vue
de,label.kds_type_takeaway,resources/js/components/admin/kitchenDisplaySystem/KitchenDisplaySystemComponent.vue
de,label.kds_undo_bump,resources/js/components/admin/kitchenDisplaySystem/KdsUndoToast.vue
de,label.kds_undo_bump_aria,resources/js/components/admin/kitchenDisplaySystem/KdsUndoToast.vue
de,label.kds_volume,resources/js/components/admin/kitchenDisplaySystem/KitchenDisplaySystemComponent.vue
de,label.kiosk,resources/js/components/admin/encaissement/EncaissementComponent.vue
de,label.kiosk_admin_pin,resources/js/components/admin/settings/KioskSetup/KioskSetupComponent.vue
de,label.kiosk_admin_pin_hint,resources/js/components/admin/settings/KioskSetup/KioskSetupComponent.vue
de,label.kiosk_idle_screen,resources/js/components/admin/settings/KioskSetup/KioskSetupComponent.vue
de,label.kiosk_idle_video,resources/js/components/admin/settings/KioskSetup/KioskSetupComponent.vue
de,label.kiosk_idle_video_hint,resources/js/components/admin/settings/KioskSetup/KioskSetupComponent.vue
de,label.kiosk_tap_hint,resources/js/components/admin/settings/KioskSetup/KioskSetupComponent.vue
de,label.kiosk_tap_hint_placeholder,resources/js/components/admin/settings/KioskSetup/KioskSetupComponent.vue
de,label.kiosk_welcome_subtitle,resources/js/components/admin/settings/KioskSetup/KioskSetupComponent.vue
de,label.kiosk_welcome_subtitle_placeholder,resources/js/components/admin/settings/KioskSetup/KioskSetupComponent.vue
de,label.kiosk_welcome_title,resources/js/components/admin/settings/KioskSetup/KioskSetupComponent.vue
de,label.kiosk_welcome_title_placeholder,resources/js/components/admin/settings/KioskSetup/KioskSetupComponent.vue
de,label.loading,resources/js/components/admin/cashOverview/CashOverviewComponent.vue
de,label.loyalty_min_redeem_points,resources/js/components/admin/settings/LoyaltySetup/LoyaltySetupComponent.vue
de,label.loyalty_min_redeem_points_hint,resources/js/components/admin/settings/LoyaltySetup/LoyaltySetupComponent.vue
de,label.loyalty_points_config,resources/js/components/admin/settings/LoyaltySetup/LoyaltySetupComponent.vue
de,label.loyalty_points_for_1_euro_discount,resources/js/components/admin/settings/LoyaltySetup/LoyaltySetupComponent.vue
de,label.loyalty_points_for_1_euro_discount_hint,resources/js/components/admin/settings/LoyaltySetup/LoyaltySetupComponent.vue
de,label.loyalty_points_per_euro,resources/js/components/admin/settings/LoyaltySetup/LoyaltySetupComponent.vue
de,label.loyalty_points_per_euro_hint,resources/js/components/admin/settings/LoyaltySetup/LoyaltySetupComponent.vue
de,label.loyalty_preview,resources/js/components/admin/settings/LoyaltySetup/LoyaltySetupComponent.vue
de,label.mode_card,resources/js/components/admin/cashOverview/CashOverviewComponent.vue
de,label.mode_cash,resources/js/components/admin/cashOverview/CashOverviewComponent.vue
de,label.mode_mobile,resources/js/components/admin/cashOverview/CashOverviewComponent.vue
de,label.mode_other,resources/js/components/admin/cashOverview/CashOverviewComponent.vue
de,label.mode_ticket,resources/js/components/admin/cashOverview/CashOverviewComponent.vue
de,label.no_data,resources/js/components/admin/settings/PaymentTerminals/PaymentTerminalsComponent.vue
de,label.no_data_available,resources/js/components/admin/cashSessionReport/CashSessionReportListComponent.vue
de,label.no_terminal_configured,resources/js/components/admin/pos/PaymentComponent.vue
de,label.notes,resources/js/components/admin/cash/PosCashDrawerSessionDialog.vue
de,label.opened_at,resources/js/components/admin/cashSessionReport/CashSessionReportListComponent.vue
de,label.opening_amount,resources/js/components/admin/cashOverview/CashOverviewComponent.vue
de,label.opening_total,resources/js/components/admin/cashSessionReport/CashSessionReportListComponent.vue
de,label.operator,resources/js/components/admin/onlineOrders/OnlineOrderReceiptComponent.vue
de,label.order_number,resources/js/components/admin/cashOverview/CashOverviewComponent.vue
de,label.order_token,resources/js/components/admin/posOrders/PosOrderShowComponent.vue
de,label.origin,resources/js/components/admin/orderHistory/HistoriqueListComponent.vue
de,label.oss_connection_slow,resources/js/components/admin/orderStatusScreen/PreparingAndReadyComponent.vue
de,label.oss_main_aria,resources/js/components/admin/orderStatusScreen/OrderStatusScreenComponent.vue
de,label.oss_no_orders,resources/js/components/admin/orderStatusScreen/PreparingAndReadyComponent.vue
de,label.oss_popular_region_aria,resources/js/components/admin/orderStatusScreen/PopularItemComponent.vue
de,label.out_of_stock,resources/js/components/admin/items/AvailabilityToggleComponent.vue
de,label.payment_terminal,resources/js/components/admin/pos/PaymentComponent.vue
de,label.pending_counter,resources/js/components/admin/orderHistory/HistoriqueListComponent.vue
de,label.pos_dedicated_shell,resources/js/components/admin/dashboard/DashboardComponent.vue
de,label.pos_shortcut_cash_cta,resources/js/components/admin/pos/PosComponent.vue
de,label.pos_shortcut_cash_empty,resources/js/components/admin/pos/PosComponent.vue
de,label.pos_shortcut_cash_title,resources/js/components/admin/pos/PosComponent.vue
de,label.pos_shortcut_delivered_cta,resources/js/components/admin/pos/PosComponent.vue
de,label.pos_shortcut_delivered_toast,resources/js/components/admin/pos/PosComponent.vue
de,label.pos_shortcut_last_refresh_min,resources/js/components/admin/pos/PosComponent.vue
de,label.pos_shortcut_last_refresh_now,resources/js/components/admin/pos/PosComponent.vue
de,label.pos_shortcut_last_refresh_sec,resources/js/components/admin/pos/PosComponent.vue
de,label.pos_shortcut_ready_empty,resources/js/components/admin/pos/PosComponent.vue
de,label.pos_shortcut_ready_title,resources/js/components/admin/pos/PosComponent.vue
de,label.pos_shortcut_view_more,resources/js/components/admin/pos/PosComponent.vue
de,label.processing,resources/js/components/admin/pos/PosCounterCollectModal.vue
de,label.queue_number,resources/js/components/admin/orderHistory/HistoriqueListComponent.vue
de,label.quick_access,resources/js/components/admin/dashboard/DashboardComponent.vue
de,label.refunded,resources/js/components/admin/orderHistory/HistoriqueListComponent.vue
de,label.register_id,resources/js/components/admin/onlineOrders/OnlineOrderReceiptComponent.vue
de,label.remaining_due,resources/js/components/admin/pos/PaymentComponent.vue
de,label.remboursement,resources/js/components/admin/pos/ReceiptRemboursementMarker.vue
de,label.select_terminal,resources/js/components/admin/pos/PaymentComponent.vue
de,label.serial_number,resources/js/components/admin/settings/PaymentTerminals/PaymentTerminalsComponent.vue
de,label.session_id,resources/js/components/admin/cashSessionReport/CashSessionReportListComponent.vue
de,label.sessions,resources/js/components/admin/cashSessionReport/CashSessionReportListComponent.vue
de,label.siret,resources/js/components/admin/onlineOrders/OnlineOrderReceiptComponent.vue
de,label.sla_old_tickets,resources/js/components/admin/dashboard/SlaAlertsComponent.vue
de,label.source_borne,resources/js/components/admin/cashOverview/CashOverviewComponent.vue
de,label.source_caisse,resources/js/components/admin/cashOverview/CashOverviewComponent.vue
de,label.source_livreur,resources/js/components/admin/cashOverview/CashOverviewComponent.vue
de,label.split_among_n,resources/js/components/admin/pos/PaymentComponent.vue
de,label.split_payment,resources/js/components/admin/pos/PaymentComponent.vue
de,label.split_summary,resources/js/components/admin/pos/PaymentComponent.vue
de,label.split_tranches,resources/js/components/admin/pos/PaymentComponent.vue
de,label.suggest_tendered_help,resources/js/components/admin/pos/PaymentComponent.vue
de,label.tendered_breakdown,resources/js/components/admin/pos/ReceiptComponent.vue
de,label.time,resources/js/components/admin/cashOverview/CashOverviewComponent.vue
de,label.toggle_available,resources/js/components/admin/items/AvailabilityToggleComponent.vue
de,label.toggle_unavailable,resources/js/components/admin/items/AvailabilityToggleComponent.vue
de,label.total_covered,resources/js/components/admin/pos/PaymentComponent.vue
de,label.total_orders_lifetime,resources/js/components/admin/dashboard/OverviewComponent.vue
de,label.total_sales_lifetime,resources/js/components/admin/dashboard/OverviewComponent.vue
de,label.tpe_validated_simulation,resources/js/components/admin/pos/PosCounterCollectModal.vue
de,label.transactions,resources/js/components/admin/cashSessionReport/CashSessionReportListComponent.vue
de,label.transactions_short,resources/js/components/admin/cashOverview/CashOverviewComponent.vue
de,label.type_a_message,resources/js/components/admin/messages/MessageListComponent.vue
de,label.unavailable,resources/js/components/admin/items/ItemPreviewComponent.vue
de,label.usage,resources/js/components/admin/coupons/CouponListComponent.vue
de,label.variance,resources/js/components/admin/cashSessionReport/CashSessionReportListComponent.vue
de,label.vat_intra,resources/js/components/admin/onlineOrders/OnlineOrderReceiptComponent.vue
de,label.view_z_reports,resources/js/components/admin/dashboard/LastZReportWidget.vue
de,label.wizard_template,resources/js/components/admin/settings/ItemCategory/ItemCategoryCreateComponent.vue
de,menu.,resources/js/components/admin/components/BreadcrumbComponent.vue
de,menu.cash_overview,resources/js/components/admin/cashOverview/CashOverviewComponent.vue
de,menu.cash_sessions_report,resources/js/components/admin/cashSessionReport/CashSessionReportListComponent.vue
de,menu.encaissement,resources/js/components/admin/dashboard/DashboardComponent.vue
de,menu.historique,resources/js/components/admin/dashboard/DashboardComponent.vue
de,menu.kiosk_setup,resources/js/components/admin/settings/KioskSetup/KioskSetupComponent.vue
de,menu.loyalty_setup,resources/js/components/admin/settings/LoyaltySetup/LoyaltySetupComponent.vue
de,menu.payment_terminals,resources/js/components/admin/settings/PaymentTerminals/PaymentTerminalsComponent.vue
de,menu.pos_orders_tracker,resources/js/components/admin/dashboard/DashboardComponent.vue
de,message.branch_required,resources/js/components/admin/pos/PosComponent.vue
de,message.cart_is_empty,resources/js/components/admin/pos/PosComponent.vue
de,message.cart_reset,resources/js/components/admin/pos/PosComponent.vue
de,message.cart_restored,resources/js/components/admin/pos/PosComponent.vue
de,message.composer.category_publish_warning,resources/js/components/admin/items/composer/ProductComposerEditorComponent.vue
de,message.composer.personal_page_created,resources/js/components/admin/items/composer/ProductComposerEditorComponent.vue
de,message.composer.personal_page_failed,resources/js/components/admin/items/composer/ProductComposerEditorComponent.vue
de,message.composer.personal_page_hint,resources/js/components/admin/items/composer/ProductComposerEditorComponent.vue
de,message.composer.personal_page_label_required,resources/js/components/admin/items/composer/ProductComposerEditorComponent.vue
de,message.composer.personal_page_load_failed,resources/js/components/admin/items/composer/ProductComposerEditorComponent.vue
de,message.composer.personal_page_no_profile,resources/js/components/admin/items/composer/ProductComposerEditorComponent.vue
de,message.composer.personal_page_option_name_required,resources/js/components/admin/items/composer/ProductComposerEditorComponent.vue
de,message.composer.personal_page_updated,resources/js/components/admin/items/composer/ProductComposerEditorComponent.vue
de,message.composer.personal_page_validation_error,resources/js/components/admin/items/composer/ProductComposerEditorComponent.vue
de,message.confirm_transfer,resources/js/components/admin/pos/FloorplanComponent.vue
de,message.delivery_boy_assigned_to_order,resources/js/components/admin/onlineOrders/OnlineOrderShowComponent.vue
de,message.discount_reason_required,resources/js/components/admin/pos/PosComponent.vue
de,message.kds_recall_grace_expired,resources/js/components/admin/kitchenDisplaySystem/KitchenDisplaySystemComponent.vue
de,message.kds_status_conflict,resources/js/components/admin/kitchenDisplaySystem/KitchenDisplaySystemComponent.vue
de,message.new_pos_order,resources/js/components/admin/pos/PosComponent.vue
de,message.new_pos_order_with_id,resources/js/components/admin/pos/PosComponent.vue
de,message.something_went_wrong,resources/js/components/admin/items/variation/ItemVariationListComponent.vue
de,message.something_wrong,resources/js/components/admin/kitchenDisplaySystem/KitchenDisplaySystemComponent.vue
de,message.zone_required,resources/js/components/admin/settings/Branch/BranchShowComponent.vue
de,pos.barcode_not_found,resources/js/components/admin/pos/PosComponent.vue
de,pos.cancel_kiosk_cash.back_btn,resources/js/components/admin/pos/PosComponent.vue
de,pos.cancel_kiosk_cash.confirm_btn,resources/js/components/admin/pos/PosComponent.vue
de,pos.cancel_kiosk_cash.reason_required,resources/js/components/admin/pos/PosComponent.vue
de,pos.cancel_kiosk_cash.title,resources/js/components/admin/pos/PosComponent.vue
de,pos.cancel_kiosk_cash.warning,resources/js/components/admin/pos/PosComponent.vue
de,pos.cancel_last_line,resources/js/components/admin/pos/PosComponent.vue
de,pos.cancel_last_line_done,resources/js/components/admin/pos/PosComponent.vue
de,pos.cancel_last_line_done_named,resources/js/components/admin/pos/PosComponent.vue
de,pos.cancel_last_line_error,resources/js/components/admin/pos/PosComponent.vue
de,pos.cancel_order_cancel,resources/js/components/admin/pos/PosOrdersTrackerComponent.vue
de,pos.cancel_order_confirm,resources/js/components/admin/pos/PosOrdersTrackerComponent.vue
de,pos.cancel_order_done,resources/js/components/admin/pos/PosOrdersTrackerComponent.vue
de,pos.cancel_order_error,resources/js/components/admin/pos/PosOrdersTrackerComponent.vue
de,pos.cancel_order_hint,resources/js/components/admin/pos/PosOrdersTrackerComponent.vue
de,pos.cancel_order_reason_label,resources/js/components/admin/pos/PosOrdersTrackerComponent.vue
de,pos.cancel_order_reason_placeholder,resources/js/components/admin/pos/PosOrdersTrackerComponent.vue
de,pos.cancel_order_reason_required,resources/js/components/admin/pos/PosOrdersTrackerComponent.vue
de,pos.cancel_order_title,resources/js/components/admin/pos/PosOrdersTrackerComponent.vue
de,pos.cash_received_auto_bumped,resources/js/components/admin/pos/PaymentComponent.vue
de,pos.discard,resources/js/components/admin/pos/ParkedOrdersComponent.vue
de,pos.empty_parked_orders,resources/js/components/admin/pos/ParkedOrdersComponent.vue
de,pos.item_86_d,resources/js/components/admin/pos/ItemComponent.vue
de,pos.item_back_available,resources/js/components/admin/pos/PosComponent.vue
de,pos.item_no_longer_available,resources/js/components/admin/pos/PosComponent.vue
de,pos.item_unavailable_during_edit,resources/js/components/admin/pos/ItemComponent.vue
de,pos.kiosk_counter_collect_hint,resources/js/components/admin/pos/PosComponent.vue
de,pos.kiosk_counter_collect_short,resources/js/components/admin/pos/PosComponent.vue
de,pos.loyalty.redeem.apply,resources/js/components/admin/pos/PosLoyaltyRedeemModal.vue
de,pos.loyalty.redeem.balance,resources/js/components/admin/pos/PosLoyaltyRedeemModal.vue
de,pos.loyalty.redeem.cancel,resources/js/components/admin/pos/PosLoyaltyRedeemModal.vue
de,pos.loyalty.redeem.close,resources/js/components/admin/pos/PosLoyaltyRedeemModal.vue
de,pos.loyalty.redeem.disabled_hint,resources/js/components/admin/pos/PosComponent.vue
de,pos.loyalty.redeem.errors.generic,resources/js/components/admin/pos/PosLoyaltyRedeemModal.vue
de,pos.loyalty.redeem.errors.permission_denied,resources/js/components/admin/pos/PosLoyaltyRedeemModal.vue
de,pos.loyalty.redeem.input_code,resources/js/components/admin/pos/PosLoyaltyRedeemModal.vue
de,pos.loyalty.redeem.input_points,resources/js/components/admin/pos/PosLoyaltyRedeemModal.vue
de,pos.loyalty.redeem.preview_discount,resources/js/components/admin/pos/PosLoyaltyRedeemModal.vue
de,pos.loyalty.redeem.rate_hint,resources/js/components/admin/pos/PosLoyaltyRedeemModal.vue
de,pos.loyalty.redeem.success,resources/js/components/admin/pos/PosLoyaltyRedeemModal.vue
de,pos.loyalty.redeem.title,resources/js/components/admin/pos/PosComponent.vue
de,pos.no_sale,resources/js/components/admin/pos/PosComponent.vue
de,pos.no_sale_done,resources/js/components/admin/pos/PosComponent.vue
de,pos.no_sale_error,resources/js/components/admin/pos/PosComponent.vue
de,pos.no_sale_hint,resources/js/components/admin/pos/PosComponent.vue
de,pos.no_terminal_configured_hint,resources/js/components/admin/pos/PaymentComponent.vue
de,pos.orders.detail_short,resources/js/components/admin/pos/PosComponent.vue
de,pos.orders.history,resources/js/components/admin/pos/PosComponent.vue
de,pos.orders.history_hint,resources/js/components/admin/pos/PosComponent.vue
de,pos.orders.view_detail,resources/js/components/admin/pos/PosComponent.vue
de,pos.park,resources/js/components/admin/pos/PosComponent.vue
de,pos.park_discard_error,resources/js/components/admin/pos/ParkedOrdersComponent.vue
de,pos.park_discard_success,resources/js/components/admin/pos/ParkedOrdersComponent.vue
de,pos.park_fetch_error,resources/js/components/admin/pos/ParkedOrdersComponent.vue
de,pos.park_label_prompt,resources/js/components/admin/pos/PosComponent.vue
de,pos.park_requires_items,resources/js/components/admin/pos/PosComponent.vue
de,pos.park_restore_error,resources/js/components/admin/pos/ParkedOrdersComponent.vue
de,pos.park_restore_partial,resources/js/components/admin/pos/ParkedOrdersComponent.vue
de,pos.park_restore_requires_empty_cart,resources/js/components/admin/pos/ParkedOrdersComponent.vue
de,pos.park_restore_success,resources/js/components/admin/pos/ParkedOrdersComponent.vue
de,pos.park_save_error,resources/js/components/admin/pos/PosComponent.vue
de,pos.park_success,resources/js/components/admin/pos/PosComponent.vue
de,pos.parked_order_fallback_label,resources/js/components/admin/pos/ParkedOrdersComponent.vue
de,pos.parked_orders,resources/js/components/admin/pos/ParkedOrdersComponent.vue
de,pos.parked_orders_short,resources/js/components/admin/pos/PosComponent.vue
de,pos.parked_search_no_match,resources/js/components/admin/pos/ParkedOrdersComponent.vue
de,pos.parked_search_placeholder,resources/js/components/admin/pos/ParkedOrdersComponent.vue
de,pos.print_ticket_client,resources/js/components/admin/pos/ReceiptComponent.vue
de,pos.print_ticket_kitchen,resources/js/components/admin/pos/ReceiptComponent.vue
de,pos.reason_required_hint,resources/js/components/admin/pos/PosComponent.vue
de,pos.reason_required_placeholder,resources/js/components/admin/pos/PosComponent.vue
de,pos.reason_required_short,resources/js/components/admin/pos/PosComponent.vue
de,pos.receipt_audit_chain_warning,resources/js/components/admin/pos/ReceiptComponent.vue
de,pos.receipt_kitchen_subtitle,resources/js/components/admin/pos/ReceiptComponent.vue
de,pos.receipt_kitchen_title,resources/js/components/admin/pos/ReceiptComponent.vue
de,pos.receipt_print_conflict,resources/js/components/admin/pos/ReceiptComponent.vue
de,pos.receipt_print_forbidden,resources/js/components/admin/pos/ReceiptComponent.vue
de,pos.receipt_print_not_found,resources/js/components/admin/pos/ReceiptComponent.vue
de,pos.receipt_print_server_error,resources/js/components/admin/pos/ReceiptComponent.vue
de,pos.refund.already_refunded,resources/js/components/admin/pos/PosRefundModal.vue
de,pos.refund.btn_open,resources/js/components/admin/posOrders/PosOrderShowComponent.vue
de,pos.refund.cancel_btn,resources/js/components/admin/pos/PosRefundModal.vue
de,pos.refund.close,resources/js/components/admin/pos/PosRefundModal.vue
de,pos.refund.confirm_btn,resources/js/components/admin/pos/PosRefundModal.vue
de,pos.refund.error_generic,resources/js/components/admin/pos/PosRefundModal.vue
de,pos.refund.error_invalid,resources/js/components/admin/pos/PosRefundModal.vue
de,pos.refund.error_permission,resources/js/components/admin/pos/PosRefundModal.vue
de,pos.refund.error_server,resources/js/components/admin/pos/PosRefundModal.vue
de,pos.refund.field_date,resources/js/components/admin/pos/PosRefundModal.vue
de,pos.refund.field_payment_method,resources/js/components/admin/pos/PosRefundModal.vue
de,pos.refund.field_total,resources/js/components/admin/pos/PosRefundModal.vue
de,pos.refund.modal_title,resources/js/components/admin/pos/PosRefundModal.vue
de,pos.refund.processing,resources/js/components/admin/pos/PosRefundModal.vue
de,pos.refund.reason_help,resources/js/components/admin/pos/PosRefundModal.vue
de,pos.refund.reason_label,resources/js/components/admin/pos/PosRefundModal.vue
de,pos.refund.reason_min_error,resources/js/components/admin/pos/PosRefundModal.vue
de,pos.refund.reason_placeholder,resources/js/components/admin/pos/PosRefundModal.vue
de,pos.refund.source_badge,resources/js/components/admin/pos/PosRefundModal.vue
de,pos.refund.success,resources/js/components/admin/pos/PosRefundModal.vue
de,pos.refund.warning,resources/js/components/admin/pos/PosRefundModal.vue
de,pos.reprint_error,resources/js/components/admin/pos/PosOrdersTrackerComponent.vue
de,pos.reprint_ticket_hint,resources/js/components/admin/pos/PosOrdersTrackerComponent.vue
de,pos.restore,resources/js/components/admin/pos/ParkedOrdersComponent.vue
de,pos.split_amount_required,resources/js/components/admin/pos/v5/PosV5TrancheRow.vue
de,pos.split_empty_hint,resources/js/components/admin/pos/PaymentComponent.vue
de,pos.split_mode_invalid,resources/js/components/admin/pos/v5/PosV5TrancheRow.vue
de,pos.split_not_balanced,resources/js/components/admin/pos/PaymentComponent.vue
de,pos.split_tendered_below_amount,resources/js/components/admin/pos/v5/PosV5TrancheRow.vue
de,pos.split_tendered_required,resources/js/components/admin/pos/v5/PosV5TrancheRow.vue
de,pos.stock_rupture_alert,resources/js/components/admin/kitchenDisplaySystem/KitchenDisplaySystemComponent.vue
de,pos.terminal_required_card,resources/js/components/admin/pos/PaymentComponent.vue
de,pos.tracker.active_orders,resources/js/components/admin/pos/PosOrdersTrackerComponent.vue
de,pos.tracker.back_to_pos,resources/js/components/admin/pos/PosOrdersTrackerComponent.vue
de,pos.tracker.button_hint,resources/js/components/admin/pos/PosComponent.vue
de,pos.tracker.button_label,resources/js/components/admin/pos/PosComponent.vue
de,pos.tracker.cash_collect_cta,resources/js/components/admin/pos/PosOrdersTrackerComponent.vue
de,pos.tracker.cash_due_label,resources/js/components/admin/pos/PosOrdersTrackerComponent.vue
de,pos.tracker.col_accept,resources/js/components/admin/pos/PosOrdersTrackerComponent.vue
de,pos.tracker.col_accept_subtitle,resources/js/components/admin/pos/PosOrdersTrackerComponent.vue
de,pos.tracker.col_delivered,resources/js/components/admin/pos/PosOrdersTrackerComponent.vue
de,pos.tracker.col_on_the_way,resources/js/components/admin/pos/PosOrdersTrackerComponent.vue
de,pos.tracker.col_prepared,resources/js/components/admin/pos/PosOrdersTrackerComponent.vue
de,pos.tracker.col_preparing,resources/js/components/admin/pos/PosOrdersTrackerComponent.vue
de,pos.tracker.customer_screen,resources/js/components/admin/pos/PosComponent.vue
de,pos.tracker.customer_screen_hint,resources/js/components/admin/pos/PosComponent.vue
de,pos.tracker.delivered_short,resources/js/components/admin/pos/PosOrdersTrackerComponent.vue
de,pos.tracker.empty_accept,resources/js/components/admin/pos/PosOrdersTrackerComponent.vue
de,pos.tracker.empty_column,resources/js/components/admin/pos/PosOrdersTrackerComponent.vue
de,pos.tracker.empty_delivered,resources/js/components/admin/pos/PosOrdersTrackerComponent.vue
de,pos.tracker.empty_on_the_way,resources/js/components/admin/pos/PosOrdersTrackerComponent.vue
de,pos.tracker.empty_prepared,resources/js/components/admin/pos/PosOrdersTrackerComponent.vue
de,pos.tracker.empty_preparing,resources/js/components/admin/pos/PosOrdersTrackerComponent.vue
de,pos.tracker.history,resources/js/components/admin/pos/PosOrdersTrackerComponent.vue
de,pos.tracker.history_hint,resources/js/components/admin/pos/PosOrdersTrackerComponent.vue
de,pos.tracker.loading,resources/js/components/admin/pos/PosOrdersTrackerComponent.vue
de,pos.tracker.mark_delivered,resources/js/components/admin/pos/PosOrdersTrackerComponent.vue
de,pos.tracker.more_items,resources/js/components/admin/pos/PosOrdersTrackerComponent.vue
de,pos.tracker.now,resources/js/components/admin/encaissement/EncaissementComponent.vue
de,pos.tracker.ready_short,resources/js/components/admin/pos/PosOrdersTrackerComponent.vue
de,pos.tracker.realtime_lost,resources/js/components/admin/pos/PosOrdersTrackerComponent.vue
de,pos.tracker.search_placeholder,resources/js/components/admin/pos/PosOrdersTrackerComponent.vue
de,pos.tracker.source_,resources/js/components/admin/pos/PosOrdersTrackerComponent.vue
de,pos.tracker.source_all,resources/js/components/admin/pos/PosOrdersTrackerComponent.vue
de,pos.tracker.source_filter,resources/js/components/admin/pos/PosOrdersTrackerComponent.vue
de,pos.tracker.source_kiosk,resources/js/components/admin/pos/PosOrdersTrackerComponent.vue
de,pos.tracker.source_online,resources/js/components/admin/pos/PosOrdersTrackerComponent.vue
de,pos.tracker.source_pos,resources/js/components/admin/pos/PosOrdersTrackerComponent.vue
de,pos.tracker.title,resources/js/components/admin/pos/PosOrdersTrackerComponent.vue
de,pos.tracker.today_total,resources/js/components/admin/pos/PosOrdersTrackerComponent.vue
de,pos.tracker.view_details,resources/js/components/admin/pos/PosOrdersTrackerComponent.vue
de,ws_session_invalid_action,resources/js/components/common/ConnectionStatusBanner.vue
de,ws_session_invalid_text,resources/js/components/common/ConnectionStatusBanner.vue
bn,a11y.add_item,resources/js/components/admin/pos/ItemComponent.vue
bn,a11y.cart_region,resources/js/components/admin/pos/PosComponent.vue
bn,a11y.decrease_qty,resources/js/components/admin/pos/PosComponent.vue
bn,a11y.increase_qty,resources/js/components/admin/pos/PosComponent.vue
bn,a11y.receipt_preview,resources/js/components/admin/pos/ReceiptComponent.vue
bn,a11y.remove_item,resources/js/components/admin/pos/PosComponent.vue
bn,a11y.skip_to_cart,resources/js/components/admin/pos/PosComponent.vue
bn,a11y.unavailable_item,resources/js/components/admin/pos/ItemComponent.vue
bn,admin.observability_outbox.attempts,resources/js/components/admin/observability/OutboxOverviewComponent.vue
bn,admin.observability_outbox.available,resources/js/components/admin/observability/OutboxOverviewComponent.vue
bn,admin.observability_outbox.branch_id,resources/js/components/admin/observability/OutboxOverviewComponent.vue
bn,admin.observability_outbox.count,resources/js/components/admin/observability/OutboxOverviewComponent.vue
bn,admin.observability_outbox.created_at,resources/js/components/admin/observability/OutboxOverviewComponent.vue
bn,admin.observability_outbox.dispatched_24h,resources/js/components/admin/observability/OutboxOverviewComponent.vue
bn,admin.observability_outbox.down,resources/js/components/admin/observability/OutboxOverviewComponent.vue
bn,admin.observability_outbox.drain_failed,resources/js/components/admin/observability/OutboxOverviewComponent.vue
bn,admin.observability_outbox.event_type,resources/js/components/admin/observability/OutboxOverviewComponent.vue
bn,admin.observability_outbox.exception,resources/js/components/admin/observability/OutboxOverviewComponent.vue
bn,admin.observability_outbox.failed_at,resources/js/components/admin/observability/OutboxOverviewComponent.vue
bn,admin.observability_outbox.failed_jobs,resources/js/components/admin/observability/OutboxOverviewComponent.vue
bn,admin.observability_outbox.generated_at,resources/js/components/admin/observability/OutboxOverviewComponent.vue
bn,admin.observability_outbox.last_error,resources/js/components/admin/observability/OutboxOverviewComponent.vue
bn,admin.observability_outbox.last_signal,resources/js/components/admin/observability/OutboxOverviewComponent.vue
bn,admin.observability_outbox.no_failed_jobs,resources/js/components/admin/observability/OutboxOverviewComponent.vue
bn,admin.observability_outbox.no_pending,resources/js/components/admin/observability/OutboxOverviewComponent.vue
bn,admin.observability_outbox.no_signal,resources/js/components/admin/observability/OutboxOverviewComponent.vue
bn,admin.observability_outbox.oldest_age,resources/js/components/admin/observability/OutboxOverviewComponent.vue
bn,admin.observability_outbox.pending,resources/js/components/admin/observability/OutboxOverviewComponent.vue
bn,admin.observability_outbox.queue,resources/js/components/admin/observability/OutboxOverviewComponent.vue
bn,admin.observability_outbox.queue_high,resources/js/components/admin/observability/OutboxOverviewComponent.vue
bn,admin.observability_outbox.refresh,resources/js/components/admin/observability/OutboxOverviewComponent.vue
bn,admin.observability_outbox.retry_failed,resources/js/components/admin/observability/OutboxOverviewComponent.vue
bn,admin.observability_outbox.samples,resources/js/components/admin/observability/OutboxOverviewComponent.vue
bn,admin.observability_outbox.subtitle,resources/js/components/admin/observability/OutboxOverviewComponent.vue
bn,admin.observability_outbox.title,resources/js/components/admin/observability/OutboxOverviewComponent.vue
bn,admin.observability_outbox.up,resources/js/components/admin/observability/OutboxOverviewComponent.vue
bn,admin.product_wizard.finish,resources/js/components/admin/items/wizard/ProductCreateWizardComponent.vue
bn,admin.product_wizard.progress,resources/js/components/admin/items/wizard/ProductCreateWizardComponent.vue
bn,admin.product_wizard.subtitle,resources/js/components/admin/items/wizard/ProductCreateWizardComponent.vue
bn,admin.product_wizard.title,resources/js/components/admin/items/wizard/ProductCreateWizardComponent.vue
bn,admin.stock_mgmt.empty,resources/js/components/admin/stock/StockRuptureDashboardComponent.vue
bn,admin.stock_mgmt.empty_search,resources/js/components/admin/stock/StockRuptureDashboardComponent.vue
bn,admin.stock_mgmt.in_stock,resources/js/components/admin/stock/StockRuptureDashboardComponent.vue
bn,admin.stock_mgmt.loading,resources/js/components/admin/stock/StockRuptureDashboardComponent.vue
bn,admin.stock_mgmt.loading_error,resources/js/components/admin/stock/StockRuptureDashboardComponent.vue
bn,admin.stock_mgmt.out_of_stock,resources/js/components/admin/stock/StockRuptureDashboardComponent.vue
bn,admin.stock_mgmt.rail_ruptures,resources/js/components/admin/stock/StockRuptureDashboardComponent.vue
bn,admin.stock_mgmt.read_only,resources/js/components/admin/stock/StockRuptureDashboardComponent.vue
bn,admin.stock_mgmt.search,resources/js/components/admin/stock/StockRuptureDashboardComponent.vue
bn,admin.stock_mgmt.subtitle,resources/js/components/admin/stock/StockRuptureDashboardComponent.vue
bn,admin.stock_mgmt.title,resources/js/components/admin/stock/StockRuptureDashboardComponent.vue
bn,admin.stock_mgmt.toggle_error,resources/js/components/admin/stock/StockRuptureDashboardComponent.vue
bn,button.add_tranche,resources/js/components/admin/pos/PaymentComponent.vue
bn,button.auto_balance,resources/js/components/admin/pos/PaymentComponent.vue
bn,button.kds_allergens_modal_close,resources/js/components/admin/kitchenDisplaySystem/KitchenDisplaySystemComponent.vue
bn,button.kds_bump,resources/js/components/admin/kitchenDisplaySystem/KitchenDisplaySystemComponent.vue
bn,button.kds_recall,resources/js/components/admin/kitchenDisplaySystem/KitchenDisplaySystemComponent.vue
bn,button.menu,resources/js/components/layouts/backend/BackendNavbarComponent.vue
bn,button.refresh,resources/js/components/admin/encaissement/EncaissementComponent.vue
bn,button.release_table,resources/js/components/admin/pos/FloorplanComponent.vue
bn,button.remove,resources/js/components/admin/pos/v5/PosV5TrancheRow.vue
bn,button.reset_filters,resources/js/components/admin/cashOverview/CashOverviewComponent.vue
bn,button.split_equally,resources/js/components/admin/pos/PaymentComponent.vue
bn,button.suggest_tendered,resources/js/components/admin/pos/PaymentComponent.vue
bn,button.transfer_table,resources/js/components/admin/pos/FloorplanComponent.vue
bn,button.try_again,resources/js/components/admin/items/variation/ItemVariationListComponent.vue
bn,error.kds_connection_lost,resources/js/components/admin/kitchenDisplaySystem/KitchenDisplaySystemComponent.vue
bn,error.kiosk_rate_limited,resources/js/store/modules/kioskCart.js
bn,error.order_cancel_rejected,resources/js/components/admin/pos/PosOrdersTrackerComponent.vue
bn,error.order_cancel_unauthorized,resources/js/components/admin/pos/PosOrdersTrackerComponent.vue
bn,kiosk.a11y.theme,resources/js/components/frontend/kiosk/ds/KsA11ySettings.vue
bn,kiosk.a11y.theme_aria,resources/js/components/frontend/kiosk/ds/KsA11ySettings.vue
bn,kiosk.a11y.theme_hint,resources/js/components/frontend/kiosk/ds/KsA11ySettings.vue
bn,kiosk.consent.privacy_body,resources/js/components/frontend/kiosk/ds/KsConsentModal.vue
bn,kiosk.error.network.staff_ack,resources/js/components/frontend/kiosk/KioskErrorNetworkComponent.vue
bn,kiosk.login_screen.err_rate_limited,resources/js/components/frontend/kiosk/KioskLoginComponent.vue
bn,kiosk.loyalty_screen.request_timeout,resources/js/components/frontend/kiosk/KioskLoyaltyComponent.vue
bn,kiosk.max_quantity_reached,resources/js/components/frontend/kiosk/KioskCartComponent.vue
bn,kiosk.offline_conflict.cancel,resources/js/components/frontend/kiosk/KioskOfflineConflictModalComponent.vue
bn,kiosk.offline_conflict.date_unknown,resources/js/components/frontend/kiosk/KioskOfflineConflictModalComponent.vue
bn,kiosk.offline_conflict.empty,resources/js/components/frontend/kiosk/KioskOfflineConflictModalComponent.vue
bn,kiosk.offline_conflict.force_send,resources/js/components/frontend/kiosk/KioskOfflineConflictModalComponent.vue
bn,kiosk.offline_conflict.intro,resources/js/components/frontend/kiosk/KioskOfflineConflictModalComponent.vue
bn,kiosk.offline_conflict.no_items,resources/js/components/frontend/kiosk/KioskOfflineConflictModalComponent.vue
bn,kiosk.offline_conflict.products_impacted,resources/js/components/frontend/kiosk/KioskOfflineConflictModalComponent.vue
bn,kiosk.offline_conflict.title,resources/js/components/frontend/kiosk/KioskOfflineConflictModalComponent.vue
bn,kiosk.offline_queue.auto_return,resources/js/components/frontend/kiosk/KioskWaitingComponent.vue
bn,kiosk.pay_screen.counter_route_confirm_btn,resources/js/components/frontend/kiosk/KioskPaymentComponent.vue
bn,kiosk.pay_screen.counter_route_processing,resources/js/components/frontend/kiosk/KioskPaymentComponent.vue
bn,kiosk.pay_screen.counter_route_sub,resources/js/components/frontend/kiosk/KioskPaymentComponent.vue
bn,kiosk.pay_screen.counter_route_title,resources/js/components/frontend/kiosk/KioskPaymentComponent.vue
bn,kiosk.pay_screen.offline_alert,resources/js/components/frontend/kiosk/KioskPaymentComponent.vue
bn,kiosk.pay_screen.offline_short,resources/js/components/frontend/kiosk/KioskPaymentComponent.vue
bn,kiosk.pay_screen.payment_sync_retried,resources/js/components/frontend/kiosk/KioskPaymentComponent.vue
bn,kiosk.pay_screen.tpe_stuck_help,resources/js/components/frontend/kiosk/KioskPaymentComponent.vue
bn,kiosk.promo.applied,resources/js/components/frontend/kiosk/KioskCartComponent.vue
bn,kiosk.promo.apply,resources/js/components/frontend/kiosk/KioskCartComponent.vue
bn,kiosk.promo.label,resources/js/components/frontend/kiosk/KioskCartComponent.vue
bn,kiosk.promo.loading,resources/js/components/frontend/kiosk/KioskCartComponent.vue
bn,kiosk.promo.placeholder,resources/js/components/frontend/kiosk/KioskCartComponent.vue
bn,kiosk.promo.remove,resources/js/components/frontend/kiosk/KioskCartComponent.vue
bn,kiosk.remove_item,resources/js/components/frontend/kiosk/KioskCartComponent.vue
bn,kiosk.rush.active_title,resources/js/components/frontend/kiosk/KioskWaitingComponent.vue
bn,kiosk.rush.subtitle,resources/js/components/frontend/kiosk/KioskWaitingComponent.vue
bn,kiosk.unavailable_items_pruned,resources/js/components/frontend/kiosk/KioskCartComponent.vue
bn,kiosk.wizard.generic.step_fallback,resources/js/components/frontend/kiosk/KioskWizardComponent.vue
bn,kiosk.wizard.pricing_preview_offline,resources/js/components/frontend/kiosk/KioskWizardComponent.vue
bn,kiosk.wizard.step.frites_style.nature,resources/js/components/frontend/kiosk/steps/KioskStepFritesStyleComponent.vue
bn,kiosk.wizard.step.frites_style.subtitle,resources/js/components/frontend/kiosk/steps/KioskStepFritesStyleComponent.vue
bn,kiosk.wizard.step.frites_style.title,resources/js/components/frontend/kiosk/steps/KioskStepFritesStyleComponent.vue
bn,kiosk.wizard.supplement_decrease,resources/js/components/frontend/kiosk/steps/KioskStepSupplementsComponent.vue
bn,kiosk.wizard.supplement_increase,resources/js/components/frontend/kiosk/steps/KioskStepSupplementsComponent.vue
bn,kiosk.wizard.supplement_qty_label,resources/js/components/frontend/kiosk/steps/KioskStepSupplementsComponent.vue
bn,kiosk.wizard.tap_to_choose,resources/js/components/frontend/kiosk/steps/KioskStepSupplementsComponent.vue
bn,label.,resources/js/components/admin/onlineOrders/OnlineOrderReceiptComponent.vue
bn,label.activate,resources/js/components/admin/coupons/CouponListComponent.vue
bn,label.advanced_promo_fields,resources/js/components/admin/coupons/CouponCreateComponent.vue
bn,label.all_methods,resources/js/components/admin/cashOverview/CashOverviewComponent.vue
bn,label.all_sources,resources/js/components/admin/cashOverview/CashOverviewComponent.vue
bn,label.archived,resources/js/components/admin/settings/PaymentTerminals/PaymentTerminalsComponent.vue
bn,label.auto_balance_help,resources/js/components/admin/pos/PaymentComponent.vue
bn,label.available,resources/js/components/admin/items/ItemPreviewComponent.vue
bn,label.base_ht,resources/js/components/admin/pos/ReceiptComponent.vue
bn,label.breakdown_by_method,resources/js/components/admin/cashOverview/CashOverviewComponent.vue
bn,label.caisse,resources/js/components/admin/encaissement/EncaissementComponent.vue
bn,label.cash_collected_today,resources/js/components/admin/cashOverview/CashOverviewComponent.vue
bn,label.cash_drawer_count_pending_note,resources/js/components/admin/cashOverview/CashOverviewComponent.vue
bn,label.cash_drawer_opened_simulation,resources/js/components/admin/pos/PosCounterCollectModal.vue
bn,label.cash_drawer_reconciliation,resources/js/components/admin/cashOverview/CashOverviewComponent.vue
bn,label.cash_in,resources/js/components/admin/cash/PosCashDrawerSessionDialog.vue
bn,label.cash_mvt_,resources/js/components/admin/cash/PosCashDrawerSessionDialog.vue
bn,label.cash_out,resources/js/components/admin/cash/PosCashDrawerSessionDialog.vue
bn,label.cash_overview_capped_notice,resources/js/components/admin/cashOverview/CashOverviewComponent.vue
bn,label.cash_overview_empty_copy,resources/js/components/admin/cashOverview/CashOverviewComponent.vue
bn,label.cash_session_active,resources/js/components/admin/cash/PosCashDrawerSessionDialog.vue
bn,label.cash_session_back,resources/js/components/admin/cash/PosCashDrawerSessionDialog.vue
bn,label.cash_session_close,resources/js/components/admin/cash/PosCashDrawerSessionDialog.vue
bn,label.cash_session_closed_at,resources/js/components/admin/deliveryBoyCashSession/DeliveryBoyCashSessionShowComponent.vue
bn,label.cash_session_closing_amount,resources/js/components/admin/cash/PosCashDrawerSessionDialog.vue
bn,label.cash_session_confirm_close,resources/js/components/admin/cash/PosCashDrawerSessionDialog.vue
bn,label.cash_session_dialog_title,resources/js/components/admin/cash/PosCashDrawerSessionDialog.vue
bn,label.cash_session_expected_amount,resources/js/components/admin/cash/PosCashDrawerSessionDialog.vue
bn,label.cash_session_failure,resources/js/components/admin/cash/PosCashDrawerSessionDialog.vue
bn,label.cash_session_header_btn,resources/js/components/admin/cash/PosCashDrawerSessionDialog.vue
bn,label.cash_session_movements,resources/js/components/admin/cash/PosCashDrawerSessionDialog.vue
bn,label.cash_session_movements_count,resources/js/components/admin/cash/PosCashDrawerSessionDialog.vue
bn,label.cash_session_no_movements,resources/js/components/admin/cash/PosCashDrawerSessionDialog.vue
bn,label.cash_session_no_session,resources/js/components/admin/cash/PosCashDrawerSessionDialog.vue
bn,label.cash_session_open,resources/js/components/admin/cash/PosCashDrawerSessionDialog.vue
bn,label.cash_session_opened_at,resources/js/components/admin/cash/PosCashDrawerSessionDialog.vue
bn,label.cash_session_opening_amount,resources/js/components/admin/cash/PosCashDrawerSessionDialog.vue
bn,label.cash_session_reconcile,resources/js/components/admin/deliveryBoyCashSession/DeliveryBoyCashSessionFormComponent.vue
bn,label.cash_session_required_reason,resources/js/components/admin/cash/PosCashDrawerSessionDialog.vue
bn,label.cash_session_variance,resources/js/components/admin/cash/PosCashDrawerSessionDialog.vue
bn,label.cash_session_variance_reason,resources/js/components/admin/cash/PosCashDrawerSessionDialog.vue
bn,label.cash_session_view_movements,resources/js/components/admin/cash/PosCashDrawerSessionDialog.vue
bn,label.cash_status_,resources/js/components/admin/cashSessionReport/CashSessionReportListComponent.vue
bn,label.cashier,resources/js/components/admin/cashSessionReport/CashSessionReportListComponent.vue
bn,label.cc_cash_short,resources/js/components/admin/pos/PosCounterCollectModal.vue
bn,label.cc_mode_card_hint,resources/js/components/admin/pos/PosCounterCollectModal.vue
bn,label.cc_mode_mobile_hint,resources/js/components/admin/pos/PosCounterCollectModal.vue
bn,label.cc_mode_ticket_hint,resources/js/components/admin/pos/PosCounterCollectModal.vue
bn,label.cc_source_kiosk,resources/js/components/admin/pos/PosCounterCollectModal.vue
bn,label.change_due,resources/js/components/admin/pos/PaymentComponent.vue
bn,label.channel_,resources/js/components/admin/items/ItemCreateComponent.vue
bn,label.client_borne,resources/js/components/admin/encaissement/EncaissementComponent.vue
bn,label.closed_at,resources/js/components/admin/cashSessionReport/CashSessionReportListComponent.vue
bn,label.closing_amount,resources/js/components/admin/cashSessionReport/CashSessionReportListComponent.vue
bn,label.closing_total,resources/js/components/admin/cashSessionReport/CashSessionReportListComponent.vue
bn,label.composer.add_personal_page,resources/js/components/admin/items/composer/ProductComposerEditorComponent.vue
bn,label.composer.addon_role,resources/js/components/admin/items/composer/ComposerStepFormPanel.vue
bn,label.composer.addon_role_dessert,resources/js/components/admin/items/composer/ComposerStepFormPanel.vue
bn,label.composer.addon_role_drink,resources/js/components/admin/items/composer/ComposerStepFormPanel.vue
bn,label.composer.addon_role_help,resources/js/components/admin/items/composer/ComposerStepFormPanel.vue
bn,label.composer.addon_role_menu_component,resources/js/components/admin/items/composer/ComposerStepFormPanel.vue
bn,label.composer.addon_role_none,resources/js/components/admin/items/composer/ComposerStepFormPanel.vue
bn,label.composer.addon_role_side,resources/js/components/admin/items/composer/ComposerStepFormPanel.vue
bn,label.composer.addon_role_upsell,resources/js/components/admin/items/composer/ComposerStepFormPanel.vue
bn,label.composer.allow_repeat,resources/js/components/admin/items/composer/ComposerStepFormPanel.vue
bn,label.composer.allow_repeat_help,resources/js/components/admin/items/composer/ComposerStepFormPanel.vue
bn,label.composer.allow_repeat_state_off,resources/js/components/admin/items/composer/ComposerStepFormPanel.vue
bn,label.composer.allow_repeat_state_on,resources/js/components/admin/items/composer/ComposerStepFormPanel.vue
bn,label.composer.allow_repeat_summary,resources/js/components/admin/items/composer/ComposerStepFormPanel.vue
bn,label.composer.create_page,resources/js/components/admin/items/composer/ProductComposerEditorComponent.vue
bn,label.composer.edit_options,resources/js/components/admin/items/composer/ProductComposerEditorComponent.vue
bn,label.composer.edit_personal_page,resources/js/components/admin/items/composer/ProductComposerEditorComponent.vue
bn,label.composer.personal_page_add_option,resources/js/components/admin/items/composer/ProductComposerEditorComponent.vue
bn,label.composer.personal_page_label,resources/js/components/admin/items/composer/ProductComposerEditorComponent.vue
bn,label.composer.personal_page_label_placeholder,resources/js/components/admin/items/composer/ProductComposerEditorComponent.vue
bn,label.composer.personal_page_option_description,resources/js/components/admin/items/composer/ProductComposerEditorComponent.vue
bn,label.composer.personal_page_option_name,resources/js/components/admin/items/composer/ProductComposerEditorComponent.vue
bn,label.composer.personal_page_option_price,resources/js/components/admin/items/composer/ProductComposerEditorComponent.vue
bn,label.composer.personal_page_options,resources/js/components/admin/items/composer/ProductComposerEditorComponent.vue
bn,label.composer.update_page,resources/js/components/admin/items/composer/ProductComposerEditorComponent.vue
bn,label.composer.visible_kiosk,resources/js/components/admin/items/composer/ProductComposerEditorComponent.vue
bn,label.composer.visible_pos,resources/js/components/admin/items/composer/ProductComposerEditorComponent.vue
bn,label.counter_deferred,resources/js/components/admin/posOrders/PosOrderReceiptComponent.vue
bn,label.deactivate,resources/js/components/admin/coupons/CouponListComponent.vue
bn,label.delivery_cash_close_form_title,resources/js/components/admin/deliveryBoyCashSession/DeliveryBoyCashSessionFormComponent.vue
bn,label.delivery_cash_close_intro,resources/js/components/admin/deliveryBoyCashSession/DeliveryBoyCashSessionFormComponent.vue
bn,label.delivery_cash_form_generic_error,resources/js/components/admin/deliveryBoyCashSession/DeliveryBoyCashSessionFormComponent.vue
bn,label.delivery_cash_missing_session,resources/js/components/admin/deliveryBoyCashSession/DeliveryBoyCashSessionFormComponent.vue
bn,label.delivery_cash_open_form_title,resources/js/components/admin/deliveryBoyCashSession/DeliveryBoyCashSessionFormComponent.vue
bn,label.delivery_cash_reconcile_form_title,resources/js/components/admin/deliveryBoyCashSession/DeliveryBoyCashSessionFormComponent.vue
bn,label.delivery_cash_reconcile_intro,resources/js/components/admin/deliveryBoyCashSession/DeliveryBoyCashSessionFormComponent.vue
bn,label.delivery_cash_session,resources/js/components/admin/deliveryBoyCashSession/DeliveryBoyCashSessionShowComponent.vue
bn,label.delivery_cash_sessions,resources/js/components/admin/deliveryBoyCashSession/DeliveryBoyCashSessionListComponent.vue
bn,label.delivery_cash_status_closed,resources/js/components/admin/deliveryBoyCashSession/DeliveryBoyCashSessionListComponent.vue
bn,label.delivery_cash_status_open,resources/js/components/admin/deliveryBoyCashSession/DeliveryBoyCashSessionListComponent.vue
bn,label.delivery_cash_status_reconciled,resources/js/components/admin/deliveryBoyCashSession/DeliveryBoyCashSessionListComponent.vue
bn,label.dinein_orders,resources/js/components/admin/kitchenDisplaySystem/KitchenDisplaySystemComponent.vue
bn,label.direction,resources/js/components/admin/deliveryBoyCashSession/DeliveryBoyCashSessionShowComponent.vue
bn,label.downloading,resources/js/components/admin/dashboard/DashboardComponent.vue
bn,label.drawer_opened_at,resources/js/components/admin/cashOverview/CashOverviewComponent.vue
bn,label.driver_assigned,resources/js/components/admin/onlineOrders/OnlineOrderShowComponent.vue
bn,label.duplicata,resources/js/components/admin/pos/ReceiptDuplicataMarker.vue
bn,label.encaisser,resources/js/components/admin/encaissement/EncaissementComponent.vue
bn,label.encaisser_failed,resources/js/components/admin/pos/PosCounterCollectModal.vue
bn,label.encaisser_mode_title,resources/js/components/admin/pos/PosCounterCollectModal.vue
bn,label.encaisser_queue_empty,resources/js/components/admin/encaissement/EncaissementComponent.vue
bn,label.encaisser_queue_subtitle,resources/js/components/admin/encaissement/EncaissementComponent.vue
bn,label.encaisser_success,resources/js/components/admin/encaissement/EncaissementComponent.vue
bn,label.encaisser_terminal_ref,resources/js/components/admin/pos/PosCounterCollectModal.vue
bn,label.encaisser_terminal_ref_placeholder,resources/js/components/admin/pos/PosCounterCollectModal.vue
bn,label.encaisser_total_capped,resources/js/components/admin/encaissement/EncaissementComponent.vue
bn,label.encaisser_total_pending,resources/js/components/admin/encaissement/EncaissementComponent.vue
bn,label.encaisser_wait_title,resources/js/components/admin/encaissement/EncaissementComponent.vue
bn,label.eod_pdf_button,resources/js/components/admin/dashboard/DashboardComponent.vue
bn,label.eod_pdf_error,resources/js/components/admin/dashboard/DashboardComponent.vue
bn,label.error,resources/js/components/admin/onlineOrders/OnlineOrderShowComponent.vue
bn,label.expected_in_drawer,resources/js/components/admin/cashOverview/CashOverviewComponent.vue
bn,label.fee_fixed,resources/js/components/admin/settings/PaymentTerminals/PaymentTerminalsComponent.vue
bn,label.fee_percent,resources/js/components/admin/settings/PaymentTerminals/PaymentTerminalsComponent.vue
bn,label.fiscal_number,resources/js/components/admin/orderHistory/HistoriqueListComponent.vue
bn,label.floorplan,resources/js/components/admin/pos/FloorplanComponent.vue
bn,label.free,resources/js/components/admin/pos/FloorplanComponent.vue
bn,label.gateway,resources/js/components/admin/settings/PaymentTerminals/PaymentTerminalsComponent.vue
bn,label.grand_total,resources/js/components/admin/cashOverview/CashOverviewComponent.vue
bn,label.guest,resources/js/components/admin/encaissement/EncaissementComponent.vue
bn,label.has_menu,resources/js/components/admin/settings/ItemCategory/ItemCategoryCreateComponent.vue
bn,label.ingredient.usage_none,resources/js/components/admin/ingredients/IngredientListComponent.vue
bn,label.is_upsell,resources/js/components/admin/items/ItemCreateComponent.vue
bn,label.is_upsell_hint,resources/js/components/admin/items/ItemCreateComponent.vue
bn,label.kds_admin_polling_hint,resources/js/components/admin/kitchenDisplaySystem/KdsStatusBanner.vue
bn,label.kds_all_stations,resources/js/components/admin/kitchenDisplaySystem/KitchenDisplaySystemComponent.vue
bn,label.kds_allergen_warning_prefix,resources/js/components/admin/kitchenDisplaySystem/KdsOrderLine.vue
bn,label.kds_allergens_badge,resources/js/components/admin/kitchenDisplaySystem/KitchenDisplaySystemComponent.vue
bn,label.kds_allergens_badge_aria,resources/js/components/admin/kitchenDisplaySystem/KitchenDisplaySystemComponent.vue
bn,label.kds_allergens_modal_intro,resources/js/components/admin/kitchenDisplaySystem/KitchenDisplaySystemComponent.vue
bn,label.kds_allergens_modal_none,resources/js/components/admin/kitchenDisplaySystem/KitchenDisplaySystemComponent.vue
bn,label.kds_allergens_modal_title,resources/js/components/admin/kitchenDisplaySystem/KitchenDisplaySystemComponent.vue
bn,label.kds_allergie,resources/js/components/admin/kitchenDisplaySystem/KdsOrderCard.vue
bn,label.kds_aria_live_accepted,resources/js/components/admin/kitchenDisplaySystem/KitchenDisplaySystemComponent.vue
bn,label.kds_aria_live_preparing,resources/js/components/admin/kitchenDisplaySystem/KdsV2Grid.vue
bn,label.kds_aria_live_ready,resources/js/components/admin/kitchenDisplaySystem/KdsV2Grid.vue
bn,label.kds_attente,resources/js/components/admin/kitchenDisplaySystem/KdsOrderCard.vue
bn,label.kds_bar,resources/js/components/admin/kitchenDisplaySystem/KitchenDisplaySystemComponent.vue
bn,label.kds_bump_local_only_notice,resources/js/components/admin/kitchenDisplaySystem/KdsOrderCard.vue
bn,label.kds_card_body_aria,resources/js/components/admin/kitchenDisplaySystem/KdsOrderCard.vue
bn,label.kds_card_cash_pending,resources/js/components/admin/kitchenDisplaySystem/KdsOrderCard.vue
bn,label.kds_card_cash_pending_aria,resources/js/components/admin/kitchenDisplaySystem/KdsOrderCard.vue
bn,label.kds_connection_lost_long,resources/js/components/admin/kitchenDisplaySystem/KdsStatusBanner.vue
bn,label.kds_cuisine_chaude,resources/js/components/admin/kitchenDisplaySystem/KitchenDisplaySystemComponent.vue
bn,label.kds_cuisine_froide,resources/js/components/admin/kitchenDisplaySystem/KitchenDisplaySystemComponent.vue
bn,label.kds_dismiss_hint,resources/js/components/admin/kitchenDisplaySystem/KitchenDisplaySystemComponent.vue
bn,label.kds_empty_state,resources/js/components/admin/kitchenDisplaySystem/KdsV2Grid.vue
bn,label.kds_empty_state_sub,resources/js/components/admin/kitchenDisplaySystem/KdsV2Grid.vue
bn,label.kds_fallback_banner,resources/js/components/admin/kitchenDisplaySystem/KdsStatusBanner.vue
bn,label.kds_group_avec,resources/js/components/admin/kitchenDisplaySystem/KdsOrderLine.vue
bn,label.kds_group_by_table,resources/js/components/admin/kitchenDisplaySystem/KitchenDisplaySystemComponent.vue
bn,label.kds_history_button,resources/js/components/admin/kitchenDisplaySystem/KitchenDisplaySystemComponent.vue
bn,label.kds_history_button_aria,resources/js/components/admin/kitchenDisplaySystem/KdsHistoryDrawer.vue
bn,label.kds_history_close_aria,resources/js/components/admin/kitchenDisplaySystem/KdsHistoryDrawer.vue
bn,label.kds_history_completed_at,resources/js/components/admin/kitchenDisplaySystem/KdsHistoryDrawer.vue
bn,label.kds_history_empty,resources/js/components/admin/kitchenDisplaySystem/KdsHistoryDrawer.vue
bn,label.kds_history_error,resources/js/components/admin/kitchenDisplaySystem/KdsHistoryDrawer.vue
bn,label.kds_history_loading,resources/js/components/admin/kitchenDisplaySystem/KdsHistoryDrawer.vue
bn,label.kds_history_placed_at,resources/js/components/admin/kitchenDisplaySystem/KdsHistoryDrawer.vue
bn,label.kds_history_retry,resources/js/components/admin/kitchenDisplaySystem/KdsHistoryDrawer.vue
bn,label.kds_history_title,resources/js/components/admin/kitchenDisplaySystem/KdsHistoryDrawer.vue
bn,label.kds_items_board_scope,resources/js/components/admin/kitchenDisplaySystem/KitchenDisplaySystemComponent.vue
bn,label.kds_line_allergen_icon_aria,resources/js/components/admin/kitchenDisplaySystem/KdsOrderLine.vue
bn,label.kds_oos_warning_aria,resources/js/components/admin/kitchenDisplaySystem/KitchenDisplaySystemComponent.vue
bn,label.kds_oos_warning_tooltip,resources/js/components/admin/kitchenDisplaySystem/KitchenDisplaySystemComponent.vue
bn,label.kds_order_cap_warning,resources/js/components/admin/kitchenDisplaySystem/KdsStatusBanner.vue
bn,label.kds_order_list_full_warning,resources/js/components/admin/kitchenDisplaySystem/KdsStatusBanner.vue
bn,label.kds_orders_waiting_more,resources/js/components/admin/kitchenDisplaySystem/KdsV2Grid.vue
bn,label.kds_print_done,resources/js/components/admin/kitchenDisplaySystem/KdsUndoToast.vue
bn,label.kds_recall_badge,resources/js/components/admin/kitchenDisplaySystem/KdsHistoryDrawer.vue
bn,label.kds_recall_badge_aria,resources/js/components/admin/kitchenDisplaySystem/KdsHistoryDrawer.vue
bn,label.kds_recall_button,resources/js/components/admin/kitchenDisplaySystem/KdsHistoryDrawer.vue
bn,label.kds_recall_button_aria,resources/js/components/admin/kitchenDisplaySystem/KdsHistoryDrawer.vue
bn,label.kds_recently_served,resources/js/components/admin/kitchenDisplaySystem/KdsV2Grid.vue
bn,label.kds_search_orders,resources/js/components/admin/kitchenDisplaySystem/KitchenDisplaySystemComponent.vue
bn,label.kds_see_more,resources/js/components/admin/kitchenDisplaySystem/KitchenDisplaySystemComponent.vue
bn,label.kds_served_ago,resources/js/components/admin/kitchenDisplaySystem/KdsV2Grid.vue
bn,label.kds_served_just_now,resources/js/components/admin/kitchenDisplaySystem/KdsV2Grid.vue
bn,label.kds_served_pill_title,resources/js/components/admin/kitchenDisplaySystem/KdsV2Grid.vue
bn,label.kds_sound,resources/js/components/admin/kitchenDisplaySystem/KitchenDisplaySystemComponent.vue
bn,label.kds_state_delivered,resources/js/components/admin/kitchenDisplaySystem/KdsHistoryDrawer.vue
bn,label.kds_state_out,resources/js/components/admin/kitchenDisplaySystem/KdsHistoryDrawer.vue
bn,label.kds_state_prepared,resources/js/components/admin/kitchenDisplaySystem/KdsHistoryDrawer.vue
bn,label.kds_station_filter,resources/js/components/admin/kitchenDisplaySystem/KitchenDisplaySystemComponent.vue
bn,label.kds_sync_never,resources/js/components/admin/kitchenDisplaySystem/KitchenDisplaySystemComponent.vue
bn,label.kds_sync_stamp,resources/js/components/admin/kitchenDisplaySystem/KitchenDisplaySystemComponent.vue
bn,label.kds_toast_bumped,resources/js/components/admin/kitchenDisplaySystem/KdsUndoToast.vue
bn,label.kds_toggle_items,resources/js/components/admin/kitchenDisplaySystem/KitchenDisplaySystemComponent.vue
bn,label.kds_type_delivery,resources/js/components/admin/kitchenDisplaySystem/KitchenDisplaySystemComponent.vue
bn,label.kds_type_dinein,resources/js/components/admin/kitchenDisplaySystem/KitchenDisplaySystemComponent.vue
bn,label.kds_type_kiosk,resources/js/components/admin/kitchenDisplaySystem/KitchenDisplaySystemComponent.vue
bn,label.kds_type_pos,resources/js/components/admin/kitchenDisplaySystem/KitchenDisplaySystemComponent.vue
bn,label.kds_type_takeaway,resources/js/components/admin/kitchenDisplaySystem/KitchenDisplaySystemComponent.vue
bn,label.kds_undo_bump,resources/js/components/admin/kitchenDisplaySystem/KdsUndoToast.vue
bn,label.kds_undo_bump_aria,resources/js/components/admin/kitchenDisplaySystem/KdsUndoToast.vue
bn,label.kds_volume,resources/js/components/admin/kitchenDisplaySystem/KitchenDisplaySystemComponent.vue
bn,label.kiosk,resources/js/components/admin/encaissement/EncaissementComponent.vue
bn,label.kiosk_admin_pin,resources/js/components/admin/settings/KioskSetup/KioskSetupComponent.vue
bn,label.kiosk_admin_pin_hint,resources/js/components/admin/settings/KioskSetup/KioskSetupComponent.vue
bn,label.kiosk_idle_screen,resources/js/components/admin/settings/KioskSetup/KioskSetupComponent.vue
bn,label.kiosk_idle_video,resources/js/components/admin/settings/KioskSetup/KioskSetupComponent.vue
bn,label.kiosk_idle_video_hint,resources/js/components/admin/settings/KioskSetup/KioskSetupComponent.vue
bn,label.kiosk_tap_hint,resources/js/components/admin/settings/KioskSetup/KioskSetupComponent.vue
bn,label.kiosk_tap_hint_placeholder,resources/js/components/admin/settings/KioskSetup/KioskSetupComponent.vue
bn,label.kiosk_welcome_subtitle,resources/js/components/admin/settings/KioskSetup/KioskSetupComponent.vue
bn,label.kiosk_welcome_subtitle_placeholder,resources/js/components/admin/settings/KioskSetup/KioskSetupComponent.vue
bn,label.kiosk_welcome_title,resources/js/components/admin/settings/KioskSetup/KioskSetupComponent.vue
bn,label.kiosk_welcome_title_placeholder,resources/js/components/admin/settings/KioskSetup/KioskSetupComponent.vue
bn,label.loading,resources/js/components/admin/cashOverview/CashOverviewComponent.vue
bn,label.loyalty_min_redeem_points,resources/js/components/admin/settings/LoyaltySetup/LoyaltySetupComponent.vue
bn,label.loyalty_min_redeem_points_hint,resources/js/components/admin/settings/LoyaltySetup/LoyaltySetupComponent.vue
bn,label.loyalty_points_config,resources/js/components/admin/settings/LoyaltySetup/LoyaltySetupComponent.vue
bn,label.loyalty_points_for_1_euro_discount,resources/js/components/admin/settings/LoyaltySetup/LoyaltySetupComponent.vue
bn,label.loyalty_points_for_1_euro_discount_hint,resources/js/components/admin/settings/LoyaltySetup/LoyaltySetupComponent.vue
bn,label.loyalty_points_per_euro,resources/js/components/admin/settings/LoyaltySetup/LoyaltySetupComponent.vue
bn,label.loyalty_points_per_euro_hint,resources/js/components/admin/settings/LoyaltySetup/LoyaltySetupComponent.vue
bn,label.loyalty_preview,resources/js/components/admin/settings/LoyaltySetup/LoyaltySetupComponent.vue
bn,label.mode_card,resources/js/components/admin/cashOverview/CashOverviewComponent.vue
bn,label.mode_cash,resources/js/components/admin/cashOverview/CashOverviewComponent.vue
bn,label.mode_mobile,resources/js/components/admin/cashOverview/CashOverviewComponent.vue
bn,label.mode_other,resources/js/components/admin/cashOverview/CashOverviewComponent.vue
bn,label.mode_ticket,resources/js/components/admin/cashOverview/CashOverviewComponent.vue
bn,label.no_data,resources/js/components/admin/settings/PaymentTerminals/PaymentTerminalsComponent.vue
bn,label.no_data_available,resources/js/components/admin/cashSessionReport/CashSessionReportListComponent.vue
bn,label.no_terminal_configured,resources/js/components/admin/pos/PaymentComponent.vue
bn,label.notes,resources/js/components/admin/cash/PosCashDrawerSessionDialog.vue
bn,label.opened_at,resources/js/components/admin/cashSessionReport/CashSessionReportListComponent.vue
bn,label.opening_amount,resources/js/components/admin/cashOverview/CashOverviewComponent.vue
bn,label.opening_total,resources/js/components/admin/cashSessionReport/CashSessionReportListComponent.vue
bn,label.operator,resources/js/components/admin/onlineOrders/OnlineOrderReceiptComponent.vue
bn,label.order_number,resources/js/components/admin/cashOverview/CashOverviewComponent.vue
bn,label.order_token,resources/js/components/admin/posOrders/PosOrderShowComponent.vue
bn,label.origin,resources/js/components/admin/orderHistory/HistoriqueListComponent.vue
bn,label.oss_connection_slow,resources/js/components/admin/orderStatusScreen/PreparingAndReadyComponent.vue
bn,label.oss_main_aria,resources/js/components/admin/orderStatusScreen/OrderStatusScreenComponent.vue
bn,label.oss_no_orders,resources/js/components/admin/orderStatusScreen/PreparingAndReadyComponent.vue
bn,label.oss_popular_region_aria,resources/js/components/admin/orderStatusScreen/PopularItemComponent.vue
bn,label.out_of_stock,resources/js/components/admin/items/AvailabilityToggleComponent.vue
bn,label.payment_terminal,resources/js/components/admin/pos/PaymentComponent.vue
bn,label.pending_counter,resources/js/components/admin/orderHistory/HistoriqueListComponent.vue
bn,label.pos_dedicated_shell,resources/js/components/admin/dashboard/DashboardComponent.vue
bn,label.pos_shortcut_cash_cta,resources/js/components/admin/pos/PosComponent.vue
bn,label.pos_shortcut_cash_empty,resources/js/components/admin/pos/PosComponent.vue
bn,label.pos_shortcut_cash_title,resources/js/components/admin/pos/PosComponent.vue
bn,label.pos_shortcut_delivered_cta,resources/js/components/admin/pos/PosComponent.vue
bn,label.pos_shortcut_delivered_toast,resources/js/components/admin/pos/PosComponent.vue
bn,label.pos_shortcut_last_refresh_min,resources/js/components/admin/pos/PosComponent.vue
bn,label.pos_shortcut_last_refresh_now,resources/js/components/admin/pos/PosComponent.vue
bn,label.pos_shortcut_last_refresh_sec,resources/js/components/admin/pos/PosComponent.vue
bn,label.pos_shortcut_ready_empty,resources/js/components/admin/pos/PosComponent.vue
bn,label.pos_shortcut_ready_title,resources/js/components/admin/pos/PosComponent.vue
bn,label.pos_shortcut_view_more,resources/js/components/admin/pos/PosComponent.vue
bn,label.processing,resources/js/components/admin/pos/PosCounterCollectModal.vue
bn,label.queue_number,resources/js/components/admin/orderHistory/HistoriqueListComponent.vue
bn,label.quick_access,resources/js/components/admin/dashboard/DashboardComponent.vue
bn,label.refunded,resources/js/components/admin/orderHistory/HistoriqueListComponent.vue
bn,label.register_id,resources/js/components/admin/onlineOrders/OnlineOrderReceiptComponent.vue
bn,label.remaining_due,resources/js/components/admin/pos/PaymentComponent.vue
bn,label.remboursement,resources/js/components/admin/pos/ReceiptRemboursementMarker.vue
bn,label.select_terminal,resources/js/components/admin/pos/PaymentComponent.vue
bn,label.serial_number,resources/js/components/admin/settings/PaymentTerminals/PaymentTerminalsComponent.vue
bn,label.session_id,resources/js/components/admin/cashSessionReport/CashSessionReportListComponent.vue
bn,label.sessions,resources/js/components/admin/cashSessionReport/CashSessionReportListComponent.vue
bn,label.siret,resources/js/components/admin/onlineOrders/OnlineOrderReceiptComponent.vue
bn,label.sla_old_tickets,resources/js/components/admin/dashboard/SlaAlertsComponent.vue
bn,label.source_borne,resources/js/components/admin/cashOverview/CashOverviewComponent.vue
bn,label.source_caisse,resources/js/components/admin/cashOverview/CashOverviewComponent.vue
bn,label.source_livreur,resources/js/components/admin/cashOverview/CashOverviewComponent.vue
bn,label.split_among_n,resources/js/components/admin/pos/PaymentComponent.vue
bn,label.split_payment,resources/js/components/admin/pos/PaymentComponent.vue
bn,label.split_summary,resources/js/components/admin/pos/PaymentComponent.vue
bn,label.split_tranches,resources/js/components/admin/pos/PaymentComponent.vue
bn,label.suggest_tendered_help,resources/js/components/admin/pos/PaymentComponent.vue
bn,label.tendered_breakdown,resources/js/components/admin/pos/ReceiptComponent.vue
bn,label.time,resources/js/components/admin/cashOverview/CashOverviewComponent.vue
bn,label.toggle_available,resources/js/components/admin/items/AvailabilityToggleComponent.vue
bn,label.toggle_unavailable,resources/js/components/admin/items/AvailabilityToggleComponent.vue
bn,label.total_covered,resources/js/components/admin/pos/PaymentComponent.vue
bn,label.total_orders_lifetime,resources/js/components/admin/dashboard/OverviewComponent.vue
bn,label.total_sales_lifetime,resources/js/components/admin/dashboard/OverviewComponent.vue
bn,label.tpe_validated_simulation,resources/js/components/admin/pos/PosCounterCollectModal.vue
bn,label.transactions,resources/js/components/admin/cashSessionReport/CashSessionReportListComponent.vue
bn,label.transactions_short,resources/js/components/admin/cashOverview/CashOverviewComponent.vue
bn,label.type_a_message,resources/js/components/admin/messages/MessageListComponent.vue
bn,label.unavailable,resources/js/components/admin/items/ItemPreviewComponent.vue
bn,label.usage,resources/js/components/admin/coupons/CouponListComponent.vue
bn,label.variance,resources/js/components/admin/cashSessionReport/CashSessionReportListComponent.vue
bn,label.vat_intra,resources/js/components/admin/onlineOrders/OnlineOrderReceiptComponent.vue
bn,label.view_z_reports,resources/js/components/admin/dashboard/LastZReportWidget.vue
bn,label.wizard_template,resources/js/components/admin/settings/ItemCategory/ItemCategoryCreateComponent.vue
bn,menu.,resources/js/components/admin/components/BreadcrumbComponent.vue
bn,menu.cash_overview,resources/js/components/admin/cashOverview/CashOverviewComponent.vue
bn,menu.cash_sessions_report,resources/js/components/admin/cashSessionReport/CashSessionReportListComponent.vue
bn,menu.encaissement,resources/js/components/admin/dashboard/DashboardComponent.vue
bn,menu.historique,resources/js/components/admin/dashboard/DashboardComponent.vue
bn,menu.kiosk_setup,resources/js/components/admin/settings/KioskSetup/KioskSetupComponent.vue
bn,menu.loyalty_setup,resources/js/components/admin/settings/LoyaltySetup/LoyaltySetupComponent.vue
bn,menu.payment_terminals,resources/js/components/admin/settings/PaymentTerminals/PaymentTerminalsComponent.vue
bn,menu.pos_orders_tracker,resources/js/components/admin/dashboard/DashboardComponent.vue
bn,message.branch_required,resources/js/components/admin/pos/PosComponent.vue
bn,message.cart_is_empty,resources/js/components/admin/pos/PosComponent.vue
bn,message.cart_reset,resources/js/components/admin/pos/PosComponent.vue
bn,message.cart_restored,resources/js/components/admin/pos/PosComponent.vue
bn,message.composer.category_publish_warning,resources/js/components/admin/items/composer/ProductComposerEditorComponent.vue
bn,message.composer.personal_page_created,resources/js/components/admin/items/composer/ProductComposerEditorComponent.vue
bn,message.composer.personal_page_failed,resources/js/components/admin/items/composer/ProductComposerEditorComponent.vue
bn,message.composer.personal_page_hint,resources/js/components/admin/items/composer/ProductComposerEditorComponent.vue
bn,message.composer.personal_page_label_required,resources/js/components/admin/items/composer/ProductComposerEditorComponent.vue
bn,message.composer.personal_page_load_failed,resources/js/components/admin/items/composer/ProductComposerEditorComponent.vue
bn,message.composer.personal_page_no_profile,resources/js/components/admin/items/composer/ProductComposerEditorComponent.vue
bn,message.composer.personal_page_option_name_required,resources/js/components/admin/items/composer/ProductComposerEditorComponent.vue
bn,message.composer.personal_page_updated,resources/js/components/admin/items/composer/ProductComposerEditorComponent.vue
bn,message.composer.personal_page_validation_error,resources/js/components/admin/items/composer/ProductComposerEditorComponent.vue
bn,message.confirm_transfer,resources/js/components/admin/pos/FloorplanComponent.vue
bn,message.delivery_boy_assigned_to_order,resources/js/components/admin/onlineOrders/OnlineOrderShowComponent.vue
bn,message.discount_reason_required,resources/js/components/admin/pos/PosComponent.vue
bn,message.kds_recall_grace_expired,resources/js/components/admin/kitchenDisplaySystem/KitchenDisplaySystemComponent.vue
bn,message.kds_status_conflict,resources/js/components/admin/kitchenDisplaySystem/KitchenDisplaySystemComponent.vue
bn,message.new_pos_order,resources/js/components/admin/pos/PosComponent.vue
bn,message.new_pos_order_with_id,resources/js/components/admin/pos/PosComponent.vue
bn,message.something_went_wrong,resources/js/components/admin/items/variation/ItemVariationListComponent.vue
bn,message.something_wrong,resources/js/components/admin/kitchenDisplaySystem/KitchenDisplaySystemComponent.vue
bn,message.zone_required,resources/js/components/admin/settings/Branch/BranchShowComponent.vue
bn,pos.barcode_not_found,resources/js/components/admin/pos/PosComponent.vue
bn,pos.cancel_kiosk_cash.back_btn,resources/js/components/admin/pos/PosComponent.vue
bn,pos.cancel_kiosk_cash.confirm_btn,resources/js/components/admin/pos/PosComponent.vue
bn,pos.cancel_kiosk_cash.reason_required,resources/js/components/admin/pos/PosComponent.vue
bn,pos.cancel_kiosk_cash.title,resources/js/components/admin/pos/PosComponent.vue
bn,pos.cancel_kiosk_cash.warning,resources/js/components/admin/pos/PosComponent.vue
bn,pos.cancel_last_line,resources/js/components/admin/pos/PosComponent.vue
bn,pos.cancel_last_line_done,resources/js/components/admin/pos/PosComponent.vue
bn,pos.cancel_last_line_done_named,resources/js/components/admin/pos/PosComponent.vue
bn,pos.cancel_last_line_error,resources/js/components/admin/pos/PosComponent.vue
bn,pos.cancel_order_cancel,resources/js/components/admin/pos/PosOrdersTrackerComponent.vue
bn,pos.cancel_order_confirm,resources/js/components/admin/pos/PosOrdersTrackerComponent.vue
bn,pos.cancel_order_done,resources/js/components/admin/pos/PosOrdersTrackerComponent.vue
bn,pos.cancel_order_error,resources/js/components/admin/pos/PosOrdersTrackerComponent.vue
bn,pos.cancel_order_hint,resources/js/components/admin/pos/PosOrdersTrackerComponent.vue
bn,pos.cancel_order_reason_label,resources/js/components/admin/pos/PosOrdersTrackerComponent.vue
bn,pos.cancel_order_reason_placeholder,resources/js/components/admin/pos/PosOrdersTrackerComponent.vue
bn,pos.cancel_order_reason_required,resources/js/components/admin/pos/PosOrdersTrackerComponent.vue
bn,pos.cancel_order_title,resources/js/components/admin/pos/PosOrdersTrackerComponent.vue
bn,pos.cash_received_auto_bumped,resources/js/components/admin/pos/PaymentComponent.vue
bn,pos.discard,resources/js/components/admin/pos/ParkedOrdersComponent.vue
bn,pos.empty_parked_orders,resources/js/components/admin/pos/ParkedOrdersComponent.vue
bn,pos.item_86_d,resources/js/components/admin/pos/ItemComponent.vue
bn,pos.item_back_available,resources/js/components/admin/pos/PosComponent.vue
bn,pos.item_no_longer_available,resources/js/components/admin/pos/PosComponent.vue
bn,pos.item_unavailable_during_edit,resources/js/components/admin/pos/ItemComponent.vue
bn,pos.kiosk_counter_collect_hint,resources/js/components/admin/pos/PosComponent.vue
bn,pos.kiosk_counter_collect_short,resources/js/components/admin/pos/PosComponent.vue
bn,pos.loyalty.redeem.apply,resources/js/components/admin/pos/PosLoyaltyRedeemModal.vue
bn,pos.loyalty.redeem.balance,resources/js/components/admin/pos/PosLoyaltyRedeemModal.vue
bn,pos.loyalty.redeem.cancel,resources/js/components/admin/pos/PosLoyaltyRedeemModal.vue
bn,pos.loyalty.redeem.close,resources/js/components/admin/pos/PosLoyaltyRedeemModal.vue
bn,pos.loyalty.redeem.disabled_hint,resources/js/components/admin/pos/PosComponent.vue
bn,pos.loyalty.redeem.errors.generic,resources/js/components/admin/pos/PosLoyaltyRedeemModal.vue
bn,pos.loyalty.redeem.errors.permission_denied,resources/js/components/admin/pos/PosLoyaltyRedeemModal.vue
bn,pos.loyalty.redeem.input_code,resources/js/components/admin/pos/PosLoyaltyRedeemModal.vue
bn,pos.loyalty.redeem.input_points,resources/js/components/admin/pos/PosLoyaltyRedeemModal.vue
bn,pos.loyalty.redeem.preview_discount,resources/js/components/admin/pos/PosLoyaltyRedeemModal.vue
bn,pos.loyalty.redeem.rate_hint,resources/js/components/admin/pos/PosLoyaltyRedeemModal.vue
bn,pos.loyalty.redeem.success,resources/js/components/admin/pos/PosLoyaltyRedeemModal.vue
bn,pos.loyalty.redeem.title,resources/js/components/admin/pos/PosComponent.vue
bn,pos.no_sale,resources/js/components/admin/pos/PosComponent.vue
bn,pos.no_sale_done,resources/js/components/admin/pos/PosComponent.vue
bn,pos.no_sale_error,resources/js/components/admin/pos/PosComponent.vue
bn,pos.no_sale_hint,resources/js/components/admin/pos/PosComponent.vue
bn,pos.no_terminal_configured_hint,resources/js/components/admin/pos/PaymentComponent.vue
bn,pos.orders.detail_short,resources/js/components/admin/pos/PosComponent.vue
bn,pos.orders.history,resources/js/components/admin/pos/PosComponent.vue
bn,pos.orders.history_hint,resources/js/components/admin/pos/PosComponent.vue
bn,pos.orders.view_detail,resources/js/components/admin/pos/PosComponent.vue
bn,pos.park,resources/js/components/admin/pos/PosComponent.vue
bn,pos.park_discard_error,resources/js/components/admin/pos/ParkedOrdersComponent.vue
bn,pos.park_discard_success,resources/js/components/admin/pos/ParkedOrdersComponent.vue
bn,pos.park_fetch_error,resources/js/components/admin/pos/ParkedOrdersComponent.vue
bn,pos.park_label_prompt,resources/js/components/admin/pos/PosComponent.vue
bn,pos.park_requires_items,resources/js/components/admin/pos/PosComponent.vue
bn,pos.park_restore_error,resources/js/components/admin/pos/ParkedOrdersComponent.vue
bn,pos.park_restore_partial,resources/js/components/admin/pos/ParkedOrdersComponent.vue
bn,pos.park_restore_requires_empty_cart,resources/js/components/admin/pos/ParkedOrdersComponent.vue
bn,pos.park_restore_success,resources/js/components/admin/pos/ParkedOrdersComponent.vue
bn,pos.park_save_error,resources/js/components/admin/pos/PosComponent.vue
bn,pos.park_success,resources/js/components/admin/pos/PosComponent.vue
bn,pos.parked_order_fallback_label,resources/js/components/admin/pos/ParkedOrdersComponent.vue
bn,pos.parked_orders,resources/js/components/admin/pos/ParkedOrdersComponent.vue
bn,pos.parked_orders_short,resources/js/components/admin/pos/PosComponent.vue
bn,pos.parked_search_no_match,resources/js/components/admin/pos/ParkedOrdersComponent.vue
bn,pos.parked_search_placeholder,resources/js/components/admin/pos/ParkedOrdersComponent.vue
bn,pos.print_ticket_client,resources/js/components/admin/pos/ReceiptComponent.vue
bn,pos.print_ticket_kitchen,resources/js/components/admin/pos/ReceiptComponent.vue
bn,pos.reason_required_hint,resources/js/components/admin/pos/PosComponent.vue
bn,pos.reason_required_placeholder,resources/js/components/admin/pos/PosComponent.vue
bn,pos.reason_required_short,resources/js/components/admin/pos/PosComponent.vue
bn,pos.receipt_audit_chain_warning,resources/js/components/admin/pos/ReceiptComponent.vue
bn,pos.receipt_kitchen_subtitle,resources/js/components/admin/pos/ReceiptComponent.vue
bn,pos.receipt_kitchen_title,resources/js/components/admin/pos/ReceiptComponent.vue
bn,pos.receipt_print_conflict,resources/js/components/admin/pos/ReceiptComponent.vue
bn,pos.receipt_print_forbidden,resources/js/components/admin/pos/ReceiptComponent.vue
bn,pos.receipt_print_not_found,resources/js/components/admin/pos/ReceiptComponent.vue
bn,pos.receipt_print_server_error,resources/js/components/admin/pos/ReceiptComponent.vue
bn,pos.refund.already_refunded,resources/js/components/admin/pos/PosRefundModal.vue
bn,pos.refund.btn_open,resources/js/components/admin/posOrders/PosOrderShowComponent.vue
bn,pos.refund.cancel_btn,resources/js/components/admin/pos/PosRefundModal.vue
bn,pos.refund.close,resources/js/components/admin/pos/PosRefundModal.vue
bn,pos.refund.confirm_btn,resources/js/components/admin/pos/PosRefundModal.vue
bn,pos.refund.error_generic,resources/js/components/admin/pos/PosRefundModal.vue
bn,pos.refund.error_invalid,resources/js/components/admin/pos/PosRefundModal.vue
bn,pos.refund.error_permission,resources/js/components/admin/pos/PosRefundModal.vue
bn,pos.refund.error_server,resources/js/components/admin/pos/PosRefundModal.vue
bn,pos.refund.field_date,resources/js/components/admin/pos/PosRefundModal.vue
bn,pos.refund.field_payment_method,resources/js/components/admin/pos/PosRefundModal.vue
bn,pos.refund.field_total,resources/js/components/admin/pos/PosRefundModal.vue
bn,pos.refund.modal_title,resources/js/components/admin/pos/PosRefundModal.vue
bn,pos.refund.processing,resources/js/components/admin/pos/PosRefundModal.vue
bn,pos.refund.reason_help,resources/js/components/admin/pos/PosRefundModal.vue
bn,pos.refund.reason_label,resources/js/components/admin/pos/PosRefundModal.vue
bn,pos.refund.reason_min_error,resources/js/components/admin/pos/PosRefundModal.vue
bn,pos.refund.reason_placeholder,resources/js/components/admin/pos/PosRefundModal.vue
bn,pos.refund.source_badge,resources/js/components/admin/pos/PosRefundModal.vue
bn,pos.refund.success,resources/js/components/admin/pos/PosRefundModal.vue
bn,pos.refund.warning,resources/js/components/admin/pos/PosRefundModal.vue
bn,pos.reprint_error,resources/js/components/admin/pos/PosOrdersTrackerComponent.vue
bn,pos.reprint_ticket_hint,resources/js/components/admin/pos/PosOrdersTrackerComponent.vue
bn,pos.restore,resources/js/components/admin/pos/ParkedOrdersComponent.vue
bn,pos.split_amount_required,resources/js/components/admin/pos/v5/PosV5TrancheRow.vue
bn,pos.split_empty_hint,resources/js/components/admin/pos/PaymentComponent.vue
bn,pos.split_mode_invalid,resources/js/components/admin/pos/v5/PosV5TrancheRow.vue
bn,pos.split_not_balanced,resources/js/components/admin/pos/PaymentComponent.vue
bn,pos.split_tendered_below_amount,resources/js/components/admin/pos/v5/PosV5TrancheRow.vue
bn,pos.split_tendered_required,resources/js/components/admin/pos/v5/PosV5TrancheRow.vue
bn,pos.stock_rupture_alert,resources/js/components/admin/kitchenDisplaySystem/KitchenDisplaySystemComponent.vue
bn,pos.terminal_required_card,resources/js/components/admin/pos/PaymentComponent.vue
bn,pos.tracker.active_orders,resources/js/components/admin/pos/PosOrdersTrackerComponent.vue
bn,pos.tracker.back_to_pos,resources/js/components/admin/pos/PosOrdersTrackerComponent.vue
bn,pos.tracker.button_hint,resources/js/components/admin/pos/PosComponent.vue
bn,pos.tracker.button_label,resources/js/components/admin/pos/PosComponent.vue
bn,pos.tracker.cash_collect_cta,resources/js/components/admin/pos/PosOrdersTrackerComponent.vue
bn,pos.tracker.cash_due_label,resources/js/components/admin/pos/PosOrdersTrackerComponent.vue
bn,pos.tracker.col_accept,resources/js/components/admin/pos/PosOrdersTrackerComponent.vue
bn,pos.tracker.col_accept_subtitle,resources/js/components/admin/pos/PosOrdersTrackerComponent.vue
bn,pos.tracker.col_delivered,resources/js/components/admin/pos/PosOrdersTrackerComponent.vue
bn,pos.tracker.col_on_the_way,resources/js/components/admin/pos/PosOrdersTrackerComponent.vue
bn,pos.tracker.col_prepared,resources/js/components/admin/pos/PosOrdersTrackerComponent.vue
bn,pos.tracker.col_preparing,resources/js/components/admin/pos/PosOrdersTrackerComponent.vue
bn,pos.tracker.customer_screen,resources/js/components/admin/pos/PosComponent.vue
bn,pos.tracker.customer_screen_hint,resources/js/components/admin/pos/PosComponent.vue
bn,pos.tracker.delivered_short,resources/js/components/admin/pos/PosOrdersTrackerComponent.vue
bn,pos.tracker.empty_accept,resources/js/components/admin/pos/PosOrdersTrackerComponent.vue
bn,pos.tracker.empty_column,resources/js/components/admin/pos/PosOrdersTrackerComponent.vue
bn,pos.tracker.empty_delivered,resources/js/components/admin/pos/PosOrdersTrackerComponent.vue
bn,pos.tracker.empty_on_the_way,resources/js/components/admin/pos/PosOrdersTrackerComponent.vue
bn,pos.tracker.empty_prepared,resources/js/components/admin/pos/PosOrdersTrackerComponent.vue
bn,pos.tracker.empty_preparing,resources/js/components/admin/pos/PosOrdersTrackerComponent.vue
bn,pos.tracker.history,resources/js/components/admin/pos/PosOrdersTrackerComponent.vue
bn,pos.tracker.history_hint,resources/js/components/admin/pos/PosOrdersTrackerComponent.vue
bn,pos.tracker.loading,resources/js/components/admin/pos/PosOrdersTrackerComponent.vue
bn,pos.tracker.mark_delivered,resources/js/components/admin/pos/PosOrdersTrackerComponent.vue
bn,pos.tracker.more_items,resources/js/components/admin/pos/PosOrdersTrackerComponent.vue
bn,pos.tracker.now,resources/js/components/admin/encaissement/EncaissementComponent.vue
bn,pos.tracker.ready_short,resources/js/components/admin/pos/PosOrdersTrackerComponent.vue
bn,pos.tracker.realtime_lost,resources/js/components/admin/pos/PosOrdersTrackerComponent.vue
bn,pos.tracker.search_placeholder,resources/js/components/admin/pos/PosOrdersTrackerComponent.vue
bn,pos.tracker.source_,resources/js/components/admin/pos/PosOrdersTrackerComponent.vue
bn,pos.tracker.source_all,resources/js/components/admin/pos/PosOrdersTrackerComponent.vue
bn,pos.tracker.source_filter,resources/js/components/admin/pos/PosOrdersTrackerComponent.vue
bn,pos.tracker.source_kiosk,resources/js/components/admin/pos/PosOrdersTrackerComponent.vue
bn,pos.tracker.source_online,resources/js/components/admin/pos/PosOrdersTrackerComponent.vue
bn,pos.tracker.source_pos,resources/js/components/admin/pos/PosOrdersTrackerComponent.vue
bn,pos.tracker.title,resources/js/components/admin/pos/PosOrdersTrackerComponent.vue
bn,pos.tracker.today_total,resources/js/components/admin/pos/PosOrdersTrackerComponent.vue
bn,pos.tracker.view_details,resources/js/components/admin/pos/PosOrdersTrackerComponent.vue
bn,ws_session_invalid_action,resources/js/components/common/ConnectionStatusBanner.vue
bn,ws_session_invalid_text,resources/js/components/common/ConnectionStatusBanner.vue
